Speed (km/h),Downforce (N),Drag Coefficient,Front Wing Height (cm),Front Wing Width (cm),Rear Wing Height (cm),Rear Wing Width (cm),Angle of Attack (degrees)
278.8960529,7743.960529,1.960775397,127.4406752,229.6440135,112.4607388,196.5584998,-5.516762164
279.5422176,7620.422176,4.766594326,135.7594683,200.5031848,99.04335944,205.1847321,9.325170262
273.9678438,7349.678438,2.61565192,130.1381688,223.7913098,100.9262396,211.1433706,-9.268343631
276.1165054,7601.165054,2.648804471,127.2441591,235.4385195,90.02082346,214.0623118,3.21204558
264.6216189,7356.216189,3.869714868,121.18274,202.1987716,104.2017207,212.6565085,7.470977529
278.8230966,7658.230966,2.067150808,132.2947057,243.9760742,92.11619235,186.6430835,-1.992979002
270.6644877,7646.644877,1.909192628,121.8793606,226.0040708,103.0913606,213.1355821,-1.135118185
278.1078474,7521.078474,2.751169321,144.58865,201.5330524,86.78712462,182.3451624,-8.685076475
283.8818917,7553.818917,1.867833184,148.183138,211.2206806,86.37876369,188.0068273,-4.734196056
288.3606894,7658.606894,2.747818884,119.1720759,247.6837848,96.68118965,204.9170688,4.332021133
277.0997008,7380.997008,4.940961061,139.5862519,229.1159867,97.0727806,184.587701,9.645991476
266.0718432,7565.718432,2.031297339,126.444746,205.3736284,90.7243706,204.1339038,-3.099568138
280.8359744,7343.359744,2.129321281,128.4022281,214.3772251,85.26387401,192.3186277,-7.037397102
289.1881618,7486.881618,2.588149217,146.2798319,222.8351813,81.56842157,197.1786634,-8.142097482
257.8698711,7228.698711,2.370220978,103.5518029,201.0475035,81.00927309,192.6060601,-6.392607344
268.6618301,7521.618301,2.611144105,104.356465,220.5807757,90.8620116,182.8069427,-7.77919425
259.1391655,7206.391655,3.475776527,101.0109199,224.4729318,98.47413769,200.0303501,6.59682316
295.3021685,7523.021685,1.795093706,141.6309923,212.1838938,109.0497313,218.5439778,-2.331572621
292.8320528,7713.320528,1.733015598,138.9078375,229.43195,98.99486803,204.4713339,-2.04124989
288.2936872,7882.936872,3.827095256,143.5006074,237.662006,116.1620328,192.0012749,6.873146758
283.2385041,7547.385041,3.060272684,148.9309171,211.7917112,81.40879218,218.2459934,4.840757568
290.5043249,7795.043249,2.110014267,139.9579282,231.024995,87.22642486,195.5694901,0.538847471
280.3684513,7733.684513,2.008375732,123.0739681,231.9811121,93.54057971,207.9007094,-0.000209041
293.67542,7591.7542,2.824955602,139.0264588,247.4270151,103.0998475,205.3645122,3.931946128
277.9793916,7729.793916,2.296438493,105.9137213,238.9138084,114.1094463,218.1164339,1.747205378
279.7189437,7462.189437,2.148335493,131.9960511,242.4172635,94.00807808,216.5841078,-6.230191712
273.8642191,7718.642191,2.34858904,107.1676644,224.5209954,90.7195473,185.9201623,-7.484614087
277.5058152,7515.058152,1.834042029,147.2334459,209.2674293,82.47556675,183.427435,-1.883199726
284.3275739,7543.275739,2.176386874,126.0924161,249.7907646,112.8521391,212.3856931,-0.11837621
276.4074905,7504.074905,2.726752578,120.733097,206.4677881,95.18665773,216.1977285,-8.355901754
274.3130565,7428.130565,2.01504873,113.2277806,223.572866,102.8620078,199.7189442,0.713264648
283.4473095,7364.473095,4.511418487,138.7116845,203.404655,119.3422167,207.630451,9.35425278
269.2163867,7667.163867,2.572887896,122.8075166,247.1925429,80.06378282,182.7915312,3.964031892
272.7748511,7672.748511,2.34566453,128.4216974,248.246247,85.81800563,188.7921759,-7.148595345
261.1802011,7311.802011,2.267541849,100.93949,235.9694531,111.1644398,185.9750478,1.391567917
285.5212062,7790.212062,3.495491022,130.8817749,217.4996422,112.2050994,204.0464233,6.088428508
279.9812148,7739.812148,2.046743864,130.6047861,212.7191201,110.7698848,187.9015958,-3.126787395
271.4567233,7679.567233,2.072198384,130.8466998,213.2651662,101.4799556,182.3938526,-1.421332288
280.9242456,7529.242456,3.177595562,147.1874039,206.3647013,119.1542792,192.0882913,-9.954861145
272.1446828,7696.446828,3.943226044,134.091015,226.2904477,95.8473824,207.0884972,7.390996381
276.7105681,7482.105681,2.040763112,117.975395,207.0908638,104.0777479,203.114549,-0.596336796
261.9414972,7569.414972,1.929174443,121.8515977,215.8365333,82.53476018,193.2289986,-4.929068162
279.2929219,7642.929219,2.298305588,134.8815598,231.3353238,96.394298,213.339155,-6.047856342
260.8383942,7593.383942,1.751754649,103.0112736,236.3771805,108.9000035,191.0507643,-1.456315167
265.8317327,7168.317327,2.076686216,133.3383358,201.2136352,89.54955363,190.4219055,-5.531040595
294.1217416,7636.217416,4.033848764,133.5318935,221.5057992,117.7531036,202.3978964,7.935574754
268.7762896,7682.762896,2.206958481,110.5191281,232.6062297,107.4713347,199.1286256,-5.465193878
278.0695764,7565.695764,1.937991064,106.4463149,242.6622988,91.50301531,197.8389064,-1.95130961
267.7770229,7597.770229,2.267900808,115.7714175,223.7662391,110.7599569,186.2314248,-7.18432705
268.8666192,7493.666192,2.237391766,118.1855385,248.4602936,83.32659087,200.1858477,-7.622762354
288.9988128,7804.988128,1.941215581,128.5098385,213.2816274,118.9909769,190.3607567,-5.245375321
263.7924343,7377.924343,2.985463921,121.9300757,200.6754353,81.97141036,195.6871953,-9.940554414
291.0392059,7650.392059,2.233179019,149.4186919,224.1876432,117.3382356,209.3428179,1.972676893
267.7502313,7642.502313,2.241202893,105.1022405,212.8056898,90.11415511,217.474513,-5.554362173
268.6730049,7596.730049,1.939445812,110.4438378,241.1858836,110.3129643,210.9545186,-1.370384811
267.7959882,7572.959882,3.46207077,108.0654759,211.6386336,80.00294798,196.2253558,6.17257825
283.6882449,7726.882449,1.926560708,132.6554163,215.5314609,90.16960357,203.7213256,-1.684360527
269.9357036,7549.357036,3.054471935,112.6645801,239.5613716,109.9640243,209.8599126,5.302013268
284.8264938,7508.264938,2.608671906,123.3155386,235.7571626,101.2934428,196.568842,4.242168433
275.7349794,7282.349794,3.581872878,112.2212796,227.9025618,84.59808599,194.4099264,7.232621456
268.1296427,7666.296427,1.940218965,107.9484792,235.2474031,95.74518983,185.4097318,-2.068630191
267.7604496,7432.604496,3.034787314,105.5187571,220.9318432,95.0219742,209.4504321,4.854759879
282.2292563,7777.292563,2.0301289,132.8164795,200.2655024,102.7264898,213.5403436,1.262760274
260.1847264,7556.847264,2.098610312,106.9091476,200.5677564,106.7190829,192.6633764,0.417044121
278.2439961,7612.439961,1.769055254,109.8291181,225.5610894,113.6332097,211.3403106,-4.618163251
269.9560181,7229.560181,1.995434403,118.4362585,204.164549,99.88925588,204.4085223,0.170253951
278.9870144,7409.870144,2.607651321,141.0496615,202.553774,95.68086869,211.3633219,-8.907061299
275.5117974,7515.117974,2.567042977,104.8550638,248.275832,85.75906136,196.4534953,-7.690889353
300.1448923,7756.448923,1.882331071,141.8972454,242.950132,112.1929186,209.9030545,-0.4496307
274.8093664,7708.093664,1.877938143,104.8049204,207.6013614,108.5348162,196.3403647,-4.026788498
288.410326,7764.10326,3.972099219,148.8229733,200.0332109,96.3470959,183.5503194,8.066693433
272.3926734,7543.926734,4.407505615,123.4325601,247.0833898,100.7372924,202.0231567,9.076355534
291.132377,7866.32377,3.841754346,148.8380544,213.9162649,106.6073138,198.1731491,7.574837068
275.9220383,7729.220383,2.865806998,130.242276,209.2948801,86.59222359,190.1151955,-9.174218761
284.588647,7805.88647,3.281701603,136.963179,234.5754054,81.08791178,215.6845334,6.386813909
254.8493185,7143.493185,1.756866725,101.9593896,205.4451869,92.70014797,195.3141322,-0.796126498
267.5328018,7310.328018,2.860498774,114.1403481,213.2324799,103.8234008,181.5650445,-9.061515678
262.9042597,7344.042597,2.4131114,106.0098281,248.754734,99.46424365,195.2854296,-7.640202635
267.68871,7671.8871,3.426555015,114.8070099,231.9731387,107.7021851,196.9803923,5.889413992
274.6680375,7566.680375,2.015367317,105.9363859,226.0338896,112.7875922,214.4655089,-0.32083486
274.6350434,7746.350434,2.07607045,115.899159,219.8959307,99.53769867,211.9673283,1.799381129
266.5372409,7375.372409,2.750790157,120.7131497,238.7250477,85.37068095,187.9986634,-9.593131944
267.5409696,7470.409696,2.765356046,103.2073748,207.0478738,114.02512,213.561169,-9.25841811
286.318319,7473.18319,1.773099023,134.623606,248.3668901,102.9996131,189.9170891,-1.434298486
275.2499883,7482.499883,2.156141571,128.3300727,243.0561504,109.5974992,193.6773659,0.096934996
266.4249724,7209.249724,2.440837901,113.2694745,230.8828491,108.1865861,183.0727382,-6.821758505
279.8362309,7668.362309,1.922670646,126.1624027,202.1453095,118.7284709,182.2142525,-2.568390376
277.4805998,7604.805998,3.037957599,104.6970255,235.0427825,91.81229289,207.2344048,-9.927757528
290.6963864,7561.963864,2.497829642,128.7973248,245.664217,108.2122709,216.9336434,-7.333065398
279.2426924,7757.426924,2.926171679,146.4648099,226.2288534,94.62705333,199.7206742,-9.500115296
278.0565815,7370.565815,3.8716779,115.9284476,217.7112411,95.81642884,213.7637485,7.605664325
274.460928,7669.60928,2.557798127,133.370519,206.0138672,89.22378547,211.75005,-8.772413985
261.3047988,7468.047988,2.114217608,106.5898931,237.7450552,93.76040703,206.5871489,1.211342511
296.047367,7560.47367,2.415192593,135.8163602,244.2510926,117.9318701,219.1291572,1.703986979
261.5181936,7310.181936,2.805804649,114.4703046,205.0125872,91.70283388,212.0875168,-9.911805983
266.5565294,7415.565294,2.166535759,109.1595681,237.9492277,89.83962424,190.9937758,2.245313963
273.353026,7718.53026,3.729372289,129.3256467,200.8530243,103.3255191,211.5605698,6.958859885
270.8973949,7463.973949,2.24341074,101.0053773,248.3527459,90.32143827,207.7064659,1.542315042
284.7734849,7502.734849,2.2567983,141.4470015,230.752901,98.93542902,195.9808179,-6.28734254
260.0387243,7150.387243,2.282160018,100.2347738,227.6219529,113.3670503,183.0718988,1.012802255
269.840665,7528.40665,2.714332708,133.8908268,214.7974917,89.21601257,188.5743812,3.955664084
276.36127,7278.6127,2.579498856,113.5003987,246.4645836,97.06765649,211.8895157,3.682136377
287.1424093,7431.424093,2.332942552,136.7597011,213.2952814,104.4195894,189.9394115,2.242362777
285.0700241,7585.700241,1.745207323,148.1094273,241.4073307,101.825157,219.9143193,-2.348474073
284.7910925,7637.910925,2.549585707,112.4376572,249.255434,118.9889295,207.7595256,-7.571711177
276.628868,7596.28868,2.685332881,128.8078667,239.1698323,107.2148102,199.0888992,-8.572105628
285.2330376,7482.330376,2.470749824,129.6020966,225.949496,109.5978497,202.8174676,2.230123747
287.7501553,7547.501553,1.797209958,128.6125953,203.3037132,118.6782379,204.4349089,-2.74948745
265.7198736,7332.198736,3.145197025,111.1540816,223.6206895,96.57752101,218.7577928,-9.958864869
285.0231024,7530.231024,2.142862953,147.6374506,221.9127973,94.2151926,186.4696478,-7.011631843
272.3030858,7508.030858,2.657573443,122.3562689,210.1398021,81.75449719,190.8958321,3.959455666
275.9564586,7704.564586,2.877866964,142.3204336,221.1793818,87.36817226,208.3836419,5.162381982
269.9214911,7344.214911,2.264938938,134.9739638,217.8878942,89.48758528,189.5943193,1.656311708
274.860926,7573.60926,2.19527801,114.8718475,208.1842131,87.34017868,214.8518865,2.100688541
291.0951634,7825.951634,1.850707855,140.689891,222.0687072,110.1913557,193.861367,-4.52488058
276.4260637,7404.260637,2.175560354,119.825287,213.1399978,101.4353193,187.233576,-0.228909385
294.3296653,7758.296653,4.306623627,144.0551599,226.103121,106.7053521,181.9048304,8.75974154
279.8998641,7638.998641,1.880760542,129.0636436,201.758003,112.8184864,203.8238016,-2.304252774
288.9442243,7564.442243,2.363323592,144.0867681,245.311571,89.23095765,213.0112876,2.199501382
283.6083396,7816.083396,2.063261697,134.6265795,240.8182153,93.03695759,190.9517244,-2.694228484
292.1680108,7516.680108,2.097335564,136.262714,227.6290666,108.3344107,216.7015795,-1.003060057
278.6139859,7326.139859,3.170234482,125.0662191,242.5904291,95.71035784,210.3093708,5.657012685
278.0258606,7485.258606,1.722064241,147.8041817,248.1197537,81.1708376,182.4520273,-2.159382527
269.4269102,7219.269102,1.783859907,132.19951,205.5261147,97.39820876,202.9053199,-1.250222562
291.5517943,7510.517943,1.740876428,121.1927524,231.5415904,116.3309235,202.6976376,-4.257640005
273.891871,7558.91871,3.275670332,130.3196607,249.8997,96.36086046,188.0948922,6.445086381
271.9162729,7399.162729,2.02720395,100.9596599,249.3944585,93.28995666,193.3817751,-3.938246534
288.1536475,7466.536475,2.831306701,115.0787408,230.1661496,119.5810033,198.3311557,4.618875175
270.2950361,7577.950361,4.377157931,133.0086769,206.4010435,105.7766226,181.9231128,8.55165396
274.520238,7600.20238,3.140041162,114.5038804,229.1596415,94.63992106,185.9910564,5.373173796
265.400416,7619.00416,3.984220517,130.9007714,200.1032318,84.08078125,186.5601756,7.393239464
270.4187676,7254.187676,2.340421709,121.438435,209.9455667,111.5139778,195.1694302,-7.165256072
283.4868644,7804.868644,1.725135359,106.7737032,247.806158,108.3229973,209.8942983,-1.948637532
285.3367419,7698.367419,3.003222709,114.9141163,216.5220286,116.876632,213.2521464,-9.487298323
272.8327378,7433.327378,2.138433924,128.4982455,231.9195053,88.6910252,186.5139618,0.452343603
276.6200811,7431.200811,4.910291136,129.5436381,214.0429747,84.596974,210.0762414,9.974507941
280.7268129,7787.268129,2.190991448,128.7162624,247.3910944,108.9629011,206.8283983,0.769865131
287.4142962,7869.142962,3.727090437,132.660041,236.4279365,88.13583368,215.6274957,7.233498156
285.2123022,7472.123022,5.043423922,132.6051635,216.4825579,87.04415351,218.7516502,9.796357695
271.4120526,7674.120526,1.888429151,121.5709218,239.5880711,92.79229342,184.9784244,-3.371508459
288.679257,7571.79257,1.939897762,144.8273298,205.4082762,112.6730057,183.2269545,-1.437119553
282.3139499,7658.139499,1.940516062,118.3780935,219.615947,101.5814642,211.9892052,0.935337966
256.6151903,7401.151903,3.01818926,121.7932463,211.0609064,81.8340142,186.4868349,4.605471188
294.5950878,7800.950878,2.016975648,144.5961678,234.1863224,98.55578699,187.782981,0.195440667
286.3574985,7718.574985,2.019840965,140.3096995,205.1223141,107.3591845,215.2814369,-6.304840745
282.0640615,7390.640615,1.824548375,135.1944292,219.8512916,101.5347375,217.5585959,0.045499831
265.867774,7343.67774,2.778696119,105.0113444,213.8324865,102.8980087,192.7388498,4.424234939
292.597735,7800.97735,3.205432833,145.9741307,225.317146,88.99109314,213.686724,5.061927685
291.4058999,7449.058999,2.025873508,135.712065,217.494884,113.9095733,214.3542764,-1.621356953
293.2189245,7652.189245,2.355025118,149.9423503,235.3205289,102.4559487,204.2156192,2.164069112
266.5583303,7330.583303,4.925555624,107.4724152,201.2288512,108.5298405,202.6435379,9.864347394
302.1138991,7566.138991,2.070325737,143.4063029,231.6993461,119.2745687,203.0335364,-3.228864462
259.358421,7393.58421,2.615718594,108.1246467,211.5285645,97.12794631,192.0515675,-7.783244759
275.0383808,7685.383808,2.317737827,130.7779782,213.4354514,115.2426645,204.7546816,-7.177740245
267.7325112,7227.325112,3.23445097,106.1909991,240.0127802,80.29124056,189.7432108,6.154891367
287.9115406,7659.115406,2.44417588,142.4004115,247.7784197,81.3362917,187.1052916,2.772040156
285.4513575,7734.513575,1.826646522,140.3659479,215.8275105,103.6111969,196.5180182,-2.667811008
276.3068165,7273.068165,2.798221627,128.4550369,241.3402635,92.45797582,208.2312169,-8.94229089
264.6035816,7406.035816,2.455782635,120.3591649,205.1995419,89.93106268,204.8571075,-8.045286947
269.6046086,7571.046086,2.018310114,103.4583498,231.6990827,91.11741429,218.5952832,1.590497397
278.811868,7488.11868,2.305658347,134.8714387,237.551615,92.73611738,205.8582365,1.404560368
274.2033991,7557.033991,2.26185306,122.6771341,207.7988964,109.1579078,185.652562,1.179257008
278.4281254,7629.281254,2.682907601,136.10278,221.3001194,102.7678389,186.4487285,3.634663682
292.6360935,7851.360935,3.83514851,143.3191163,244.6353582,111.5614389,183.7226856,7.072028711
282.7381543,7397.381543,1.913977649,148.7760753,205.1789232,113.2078632,187.6469506,0.83324625
280.0442786,7315.442786,2.049083826,142.7901671,200.9048179,113.7173944,203.918036,-0.607340849
271.2075484,7657.075484,3.966774832,100.5857042,229.529269,96.58576597,213.531459,7.770897033
271.7000691,7632.000691,3.100681039,117.9989032,221.776577,96.85093585,215.7547061,5.781094878
285.6033465,7716.033465,1.85612516,136.4995281,239.9344624,117.0506352,196.0017555,0.17668767
282.8692006,7613.692006,2.654108008,108.5814839,246.1727769,106.4705438,202.3433211,-8.43067198
270.2538657,7602.538657,1.988850397,126.0518303,214.9576822,83.21868736,212.3679837,-4.150063659
257.3144197,7393.144197,3.586669556,102.7168994,219.4202059,101.6874782,192.4828208,7.176757551
272.6783564,7686.783564,2.365338835,109.9998262,224.3136043,94.24029039,203.8267602,2.363544434
266.4895492,7429.895492,2.880667735,100.9260897,229.407573,119.4973996,186.9633004,-8.956703762
285.055852,7825.55852,3.117421725,139.6848852,249.1926915,80.54621626,199.0616136,4.997005487
275.08374,7600.8374,2.129665474,111.1962344,234.8665125,104.4872349,186.9228904,-0.634951044
284.3139472,7543.139472,3.039687985,117.267584,219.4774254,108.9449238,198.4970556,-9.725988428
276.7158932,7512.158932,2.561105603,146.4040647,213.1883843,91.55627085,195.8727877,3.085985775
288.1568159,7646.568159,2.325589374,135.2207201,247.2312859,118.9456607,197.3305929,-6.280774454
274.0851426,7485.851426,2.598504649,101.5919465,206.7774217,114.3814651,189.748489,-8.220828991
279.217878,7782.17878,1.974869585,108.2347078,236.0132926,116.6261136,185.4417337,-4.733499689
277.1109763,7351.109763,1.879791785,131.0739201,246.2697513,80.76928237,191.0266131,-5.397631584
285.5696245,7415.696245,2.847354329,128.8614294,233.2332793,102.7948861,189.5832016,4.593455524
266.9185551,7604.185551,3.539796337,111.8946411,221.152722,91.78600968,209.3718481,6.960151631
288.6025337,7576.025337,2.226162136,146.7106999,209.949547,113.9611454,208.6790029,0.678726351
274.0843651,7325.843651,1.856357927,130.6982978,218.3737661,105.3139863,203.3793198,-3.208671148
279.7323623,7632.323623,3.016886031,126.7816402,235.3435905,101.5550802,183.6533519,5.08194503
272.1364854,7531.364854,3.17881594,129.4954988,232.4767112,84.58352679,202.6504742,5.240506814
289.0043029,7430.043029,2.090997169,136.5061015,246.3988083,101.6089122,183.169481,-4.417750315
274.0948995,7340.948995,2.744977616,115.5972498,243.3430457,105.2761659,180.7269208,-9.26327679
290.0727869,7805.727869,3.67581562,119.9110531,240.8075376,118.2364924,194.1038446,7.102114729
279.7706461,7617.706461,2.398894897,110.4921874,245.5725438,103.4020404,189.6217968,-8.278027586
266.3642593,7588.642593,1.894352958,109.3096503,213.8168576,118.6960241,203.7859073,-1.152835087
296.3802278,7778.802278,1.808177958,147.2186195,218.476177,118.4642446,217.1456995,-1.382505309
289.2443335,7842.443335,1.741554589,136.9775398,218.9946952,106.0080134,208.7940811,-2.40390597
279.2951336,7537.951336,1.875111659,124.5229404,228.0225294,100.2363194,210.6944345,-2.553979734
266.042327,7565.42327,3.338547846,111.3707314,233.4109115,98.64086975,218.0357244,6.175021675
274.5119338,7480.119338,2.769342302,112.7178241,214.3358342,115.6151424,205.3636432,-8.887862848
254.9533374,7344.533374,3.677854487,102.901458,200.9731234,81.13026732,203.1092377,6.851636923
267.1408985,7626.408985,3.781763014,121.7208313,219.9611192,84.55232792,204.074719,7.479640474
269.2189699,7307.189699,3.199914056,115.5897941,215.426398,84.08286916,214.6322103,5.145455483
285.9635011,7494.635011,2.454302155,134.8171744,247.109236,110.277413,195.5239614,2.709577724
272.2947373,7577.947373,2.667360603,118.887592,244.413252,93.58604095,211.813449,4.138109329
280.0758745,7475.758745,2.416161503,108.9801839,243.0155339,105.5187418,206.0902774,3.422969185
261.8780673,7343.780673,2.816162936,101.2339364,232.649988,104.1513162,192.182862,3.949118554
267.9145868,7264.145868,2.14432545,103.3624816,217.2144582,95.43311879,180.5475364,1.312356029
291.2750248,7432.750248,2.062651277,133.9696387,227.4424634,101.2627089,188.3967996,-3.393499722
280.8610633,7638.610633,4.944692858,122.6848422,240.761252,105.8055413,207.9995506,9.485867899
286.2585969,7572.585969,2.343552999,126.8289606,204.9305184,117.6380132,203.1876124,1.779893255
283.8008734,7688.008734,1.759455539,144.8335647,240.053744,103.0253629,190.983788,-4.399808795
292.2259617,7657.259617,2.496965606,149.5169474,202.0589896,104.5747005,197.3720989,2.619665158
278.294843,7602.94843,2.983240773,110.8448492,240.8210516,82.71423271,206.4459506,4.62613122
288.9279953,7759.279953,4.190881408,133.1539102,240.3781902,118.0886326,185.0834456,8.285101141
262.27363,7422.7363,3.421345388,113.1661188,202.5503654,101.1232771,197.2911832,6.23121068
263.2861854,7632.861854,2.445129905,101.03255,231.3580356,112.0509368,196.6649686,2.345704358
287.0904305,7785.904305,3.833153366,137.9189327,225.1226537,82.01164253,201.7040408,7.620689547
265.3286509,7363.286509,2.468904531,116.0008575,208.4909752,96.83640543,200.8765472,3.17130557
267.5650736,7200.650736,2.492023407,119.1731947,207.4189469,90.27901837,194.7090674,-7.141984522
279.3637954,7358.637954,1.722905219,129.4158557,238.6629563,90.67903595,210.5093452,-3.978969864
286.9238102,7709.238102,2.318744626,141.5524228,228.3846374,111.6581492,182.6891616,-7.043697698
290.4882572,7819.882572,2.468822775,131.4490922,249.1499567,104.954669,181.4215389,-7.898687026
299.2998916,7637.998916,2.465083779,143.6325328,249.1123889,97.58981247,196.8103736,2.021636987
275.2145202,7717.145202,2.274016104,113.6771017,249.6333497,80.42342958,215.86777,-6.182526728
294.9695032,7684.695032,4.372071787,139.9023417,205.9307759,118.5971177,191.102774,8.52509314
272.0658697,7640.658697,2.218838059,109.2817972,246.9128068,118.4809301,186.892373,1.714461521
285.8676931,7708.676931,2.13124433,147.6395828,212.2284805,88.70208841,217.1283358,-4.921423378
278.6485187,7636.485187,2.041794192,134.3744138,222.910613,81.65385489,186.7289302,1.144981534
277.1230386,7601.230386,2.858526164,110.7753839,237.8703278,101.2079745,194.9936215,4.162411285
297.1704149,7846.704149,1.800620259,147.3685295,210.1810466,118.0564326,209.1606204,-0.631933425
284.5659594,7435.659594,4.302631029,136.5427903,228.3155803,116.4158338,190.4369603,8.103072575
275.7859526,7392.859526,2.230746518,112.6970821,209.2908374,103.3865146,189.1939811,1.415657864
256.2475269,7152.475269,2.037683204,110.6655989,205.2368053,92.14195403,195.9066894,1.272448774
268.8003081,7588.003081,2.151340877,125.9100357,205.8279306,93.19843535,211.4945926,-5.793501772
270.0111343,7415.111343,2.612486453,101.2831359,217.8819517,115.9165421,216.4393341,-8.252535979
265.0998406,7270.998406,3.100163712,110.3735038,200.2327418,99.67136143,181.2517011,5.342227763
265.0051868,7575.051868,2.003206499,121.2342734,221.2426961,85.24464916,186.6043251,0.526279184
282.9682443,7404.682443,1.980400763,118.708499,233.2098553,89.93701904,218.3440516,-1.469962063
272.3359081,7513.359081,3.065583561,123.1787712,220.0844093,91.07179606,203.7116517,5.63199495
255.4936116,7364.936116,1.82538733,113.8814353,204.28973,84.9418674,202.0564108,-1.971036714
282.4882399,7719.882399,2.153070828,129.3392173,203.1344431,98.52177526,212.5417472,1.754722913
296.8383773,7913.383773,2.277339814,143.1927803,213.9058256,116.6420363,181.5913319,-7.724769373
261.6387118,7271.387118,4.935044593,105.8765928,208.4656345,106.7513017,180.55345,9.732152023
280.4179624,7379.179624,2.296427344,125.8689554,248.2547487,82.89895697,218.699762,-6.712727392
261.8556375,7188.556375,2.370540557,106.6034053,207.5615112,80.21979271,213.1428274,-6.618827432
290.3130339,7453.130339,1.860817828,135.8429841,240.2731219,91.0499067,209.8952713,-1.191523986
265.7744558,7572.744558,1.818036845,119.8029851,229.3053971,94.50771739,186.2280308,-4.82803226
289.880895,7538.80895,2.350060068,128.2710656,228.464346,111.0699868,199.0641569,2.591642425
281.4882335,7729.882335,2.905123542,109.1639918,225.6040358,118.680221,217.4917415,-9.740819452
264.4224311,7539.224311,1.918053044,107.242388,248.5881538,95.50268694,217.3439838,0.583414846
277.455427,7519.55427,3.591437833,124.402814,218.1922388,107.4676012,180.3698843,6.299308606
274.2789398,7732.789398,4.324429388,117.7806369,239.3957875,119.7960763,210.0996564,8.993839483
289.9654887,7609.654887,2.88268449,147.0215973,227.7647054,109.8266634,180.2495107,4.797902673
288.6492119,7596.492119,2.10033318,138.2662627,219.7816834,105.447582,219.3720691,-6.255242555
285.573611,7615.73611,2.757559362,137.433181,247.7732967,83.12299417,196.6786881,3.37730031
296.886384,7763.86384,2.507230228,145.185987,229.9157985,92.92860805,218.9407503,3.577293306
263.6475638,7491.475638,2.016221494,104.1711218,205.9458471,116.5356863,194.7098724,-0.171132387
280.4563359,7359.563359,3.249098387,127.6096235,220.87696,88.04021927,191.7274916,5.26429328
284.8603954,7433.603954,3.055678507,129.2238034,239.0790864,113.7436144,192.6516786,5.466750085
297.6032774,7496.032774,2.757415835,148.0968189,234.6873512,107.8529474,209.2271627,4.102406749
279.8205437,7418.205437,2.093538419,114.6073763,245.8170165,94.65297483,187.9869134,-4.855807017
274.9016387,7504.016387,4.184146457,112.041439,212.9688692,101.1669708,214.5623077,8.5296382
276.8752659,7533.752659,2.931199834,105.0146971,237.9096858,101.7122588,203.6229077,-9.077718133
272.1791725,7531.791725,4.544892908,100.8214815,222.9937604,108.5621514,218.796441,9.420707433
297.1369535,7751.369535,2.069994275,146.4764658,228.6804873,100.6622376,219.4833961,0.635909727
288.8162899,7483.162899,2.539327269,133.4958273,247.7523341,85.32303961,187.4072801,3.054271918
302.6146471,7881.146471,3.42223474,139.2576456,248.964316,110.9381869,218.2312821,6.634092585
269.2783506,7352.783506,2.295292142,114.0865053,243.0795482,96.25089988,181.8615395,-6.749032149
291.3592632,7803.592632,3.941513579,129.3205083,217.9548544,118.5237556,181.114549,7.930869827
260.8068536,7218.068536,2.823662218,103.1977633,244.3850418,91.34055129,217.7545831,-9.810463531
279.8613679,7618.613679,4.322421889,124.2813798,231.9304589,90.52315121,218.4958695,8.59547332
285.2329169,7607.329169,2.047202333,148.874757,221.499839,93.34029583,185.8899069,-1.77185363
277.5170468,7375.170468,5.085321731,143.8252623,201.7871341,102.8926806,197.6966326,9.908671934
281.573023,7420.73023,2.030048446,116.9079476,238.5064062,115.7947896,199.7637011,-5.384484621
277.9359075,7624.359075,2.723081841,148.0785077,225.105279,87.05126561,214.4112495,3.31965668
272.5965234,7640.965234,3.652561733,111.5850813,239.309425,91.1871519,205.1166897,6.983604205
300.3809312,7683.809312,2.955590747,147.4659411,237.40114,103.2671937,210.982657,-9.552708673
283.6819628,7761.819628,2.855005826,147.0688852,239.6783684,98.17336969,199.4038738,-9.519485153
279.4551495,7464.551495,2.827746371,139.9601294,215.0325579,97.89291549,205.9365481,-9.337453409
291.1820984,7446.820984,3.093175143,131.5223968,240.03993,112.8293705,209.4163744,-9.880702096
290.5697528,7680.697528,2.167559612,143.7143983,227.4423164,116.9551321,209.5152514,-5.729138412
268.1414646,7391.414646,3.316372682,114.6510142,223.66631,99.25227864,180.0695131,6.085904158
285.3917198,7683.917198,2.193488272,142.4471778,233.7562957,107.4940718,183.9963229,-5.591721884
278.3812483,7398.812483,1.979619711,130.8938346,201.0679341,112.0423484,194.5464176,-2.894407119
257.2831954,7322.831954,2.859965666,100.6618429,205.1158408,100.7346564,182.4478979,-9.068505281
261.5513338,7145.513338,1.829100091,117.3616759,214.6088683,91.77265636,195.3195881,-3.876742461
268.7249611,7352.249611,2.686479144,107.407043,249.1495055,105.5233839,195.5826739,-8.403752138
280.2303677,7317.303677,1.90841401,149.0914695,206.9872889,103.404364,216.8093415,-4.306544576
279.7054033,7527.054033,2.194218076,123.9185154,216.529815,116.0625128,202.6828742,1.505501595
275.307683,7258.07683,1.894737667,124.8695683,202.5526532,82.09628147,208.2540512,-4.744462045
277.5808948,7480.808948,2.280374242,131.9736258,216.563444,116.4052555,215.4879473,2.507831451
275.7740896,7662.740896,2.312090127,118.4292303,216.0163143,101.3772811,197.6851728,3.066475151
263.4910037,7614.910037,2.18390482,106.8450136,247.3403585,80.62704464,180.0784858,1.548833924
293.7098749,7562.098749,1.738140097,141.1058867,242.2577043,93.78808715,191.413441,-1.055197319
269.7887485,7447.887485,2.07288454,109.4923956,219.138211,108.9733426,212.566348,-4.754650966
278.3880947,7598.880947,2.347866623,125.5659491,201.2384529,99.53732352,216.0736468,-7.058294009
277.0684282,7380.684282,1.854282539,111.2158514,241.5515557,119.2063615,194.0603832,-0.7813248
268.1377286,7446.377286,2.166240209,104.8922242,233.0268089,96.90440295,191.7596501,2.303977561
288.1949892,7501.949892,2.303688231,143.1095759,207.6182242,93.06540919,216.9802084,-7.70628969
306.9051998,7859.051998,1.897028993,148.6459745,249.8035636,112.8668774,194.0429494,-5.699834246
278.9048109,7544.048109,2.344087732,148.0417329,205.0116719,101.916268,206.0898075,-6.417970785
293.22613,7792.2613,2.008297669,145.327775,243.3557271,107.2930632,191.2123694,-5.393864657
276.9993211,7349.993211,2.447842054,138.7023666,214.7133082,112.2280935,183.916752,-7.668104759
265.3543137,7173.543137,1.823430612,116.6572576,221.7676733,106.8571018,200.0494525,-1.58179931
275.7029297,7727.029297,1.908533096,104.0550695,239.7728263,96.89629979,216.9292735,-3.585747597
282.5936596,7435.936596,2.332207337,120.3620586,233.8754178,84.99185792,204.7456302,2.179766559
276.8908475,7488.908475,4.199941654,111.6117071,246.8932187,103.2099267,188.353065,8.075844803
266.4711652,7384.711652,2.267769821,106.6243817,231.0570163,115.8973331,207.2971829,1.964779978
253.6484944,7311.484944,2.094654357,102.6713591,204.8905081,96.75569706,210.7344458,-6.379677679
287.4861551,7864.861551,2.361925269,136.2797182,244.2180182,116.4290094,192.8304225,-7.772300088
265.8740944,7398.740944,2.67090398,100.5713729,238.4577762,100.1411128,202.3683761,3.090692578
278.6384642,7421.384642,3.568885089,138.5290374,235.5935225,104.8336625,207.2781253,6.396468447
273.701934,7602.01934,1.82897368,107.3473323,202.6866774,113.319539,186.4141258,-3.557232344
267.9534439,7214.534439,2.089242335,103.9761041,219.8111372,102.5838844,218.5640376,0.208841083
268.7252276,7517.252276,3.337925347,104.4801517,208.371791,83.63877357,198.0500785,5.731643471
300.3935833,7978.935833,2.774492266,133.6023904,241.0951954,119.239176,219.1865756,-9.662180185
268.8634797,7408.634797,2.783310644,112.2683605,235.0264311,89.83397208,187.5829546,3.931936243
284.3465833,7723.465833,2.052468832,121.0269733,244.1538799,108.4202131,199.3509419,0.178613423
278.6157867,7576.157867,2.87409801,127.8684396,248.3287553,100.2045375,186.6341461,4.528252514
283.1143725,7606.143725,3.81926041,143.0275587,238.7373807,99.15090547,180.4072329,7.447417114
276.6013272,7396.013272,2.186366387,136.3522131,249.7116542,89.75763275,189.5150069,-0.108476774
276.0924594,7700.924594,3.846991814,113.5163953,230.7384943,108.8860306,196.1274935,7.117553823
250.3697735,7483.697735,2.766636347,106.57414,201.8564802,84.51153059,197.2452295,-9.746061223
267.8955267,7193.955267,2.327844545,102.768716,200.7125758,119.6181324,215.4602062,2.601622352
272.0826845,7540.826845,4.883386989,115.0799317,217.1051938,113.8149415,205.4270906,9.738184097
280.7502115,7342.502115,2.043212759,113.1059075,241.173586,101.3803576,197.3776662,-4.127033049
278.7403998,7597.403998,2.928456805,122.8070283,243.3067353,96.98211824,219.519908,4.463178918
292.6145376,7556.145376,1.988682205,134.1640668,248.0406264,91.4585853,204.5689733,-5.511179953
271.1422089,7501.422089,4.889461825,134.7812723,203.2560734,100.0636588,192.9065186,9.461314734
281.4628668,7639.628668,1.929296586,114.1759423,202.2285555,115.1766985,207.6524352,-1.117960291
277.7796193,7287.796193,2.746451819,118.9963478,245.6641798,91.00025603,199.8279969,3.537831643
261.5151934,7325.151934,2.17079222,109.0575481,215.2523349,100.0214984,215.2467078,0.144986266
283.7371591,7457.371591,2.617115479,139.4272756,227.89937,89.38199608,215.8604505,-8.384541185
264.1192055,7536.192055,3.157645186,102.8424038,249.1222442,93.48596455,194.694016,5.939744595
282.9426286,7479.426286,2.058509211,134.8498621,220.0224267,87.61042036,202.493562,-5.150410613
294.1018518,7466.018518,1.755681207,138.9347698,233.2935699,119.6215678,190.6309378,-4.416988108
276.0632313,7700.632313,2.879154677,138.8703781,220.0439782,102.8598979,205.0654701,-9.391346702
277.2816045,7562.816045,2.014649769,112.9711282,238.4097332,109.312605,219.6938785,1.102294223
278.8745528,7458.745528,2.230462183,118.6906569,226.3857363,83.92999654,213.3035407,0.751806282
273.0808123,7475.808123,2.001190046,129.3799818,211.8761569,94.644702,194.656396,-6.318585068
277.4994189,7659.994189,2.766235869,113.6410951,213.5653051,115.7055921,183.8152141,4.479008871
260.9995514,7489.995514,2.539423958,118.54264,212.9029606,83.37753306,218.6672795,-9.069959189
273.1320307,7361.320307,3.380587642,109.852714,226.6160164,86.61932913,195.5833911,5.686307322
279.2554574,7417.554574,5.085788339,122.9927942,235.1594508,105.0167044,191.7352357,9.87435517
280.2983594,7532.983594,2.13821998,102.2306151,247.463995,104.9115598,192.6534157,-6.798140981
291.7006123,7652.006123,1.752124237,139.9897942,234.7043688,113.5290818,199.5969347,-3.705364779
282.1732721,7481.732721,1.943242925,103.8478223,239.0596422,117.4197106,218.2700559,-4.151996009
281.7527448,7327.527448,2.11724216,125.9417574,208.4463058,85.67945902,219.4648929,0.915851963
272.2948117,7317.948117,2.465702691,115.340505,218.7031313,90.37495274,191.8450691,-7.998495156
278.6572543,7446.572543,2.005268101,128.8771474,220.689011,97.09845623,194.0587483,0.020895979
282.2418643,7692.418643,4.098470269,147.971667,234.3190115,80.03613142,200.4722624,7.945656452
262.8191984,7428.191984,2.095962241,132.2785122,214.7945988,82.79257212,180.3274915,-1.067680391
257.9851359,7544.851359,2.761019625,101.7681218,215.1645961,89.05965112,186.9934625,3.510668595
274.0860213,7730.860213,3.611436253,121.520122,217.7944577,99.24407856,217.4423608,6.597454438
282.4507011,7334.507011,2.717911811,125.5008426,240.5151041,90.06090953,181.1774095,3.339962065
275.8894802,7273.894802,1.967515903,126.8088747,228.8795045,115.0672757,184.0390512,-3.780177966
280.2143452,7587.143452,1.987884814,134.0696255,203.763864,92.97091502,196.8258807,-3.464276861
264.4949104,7224.949104,2.582005744,113.8798049,203.912305,116.9849125,209.25801,3.249969598
279.4346502,7649.346502,2.168528474,106.4430283,218.5643472,118.9914904,190.7551292,-6.644960816
279.4638551,7464.638551,2.725783365,119.6337838,238.3295525,97.99446136,192.2386236,-9.128658629
285.1932908,7461.932908,2.883103123,147.8202861,234.4341713,89.08515268,192.2189192,-9.500241131
266.0586516,7290.586516,1.773729146,109.3565446,235.3991177,91.66664534,214.9040771,-2.711509384
286.1801149,7481.801149,2.884589742,145.1991977,238.3605033,111.0533473,189.0439042,5.177204347
275.7093824,7307.093824,2.95568836,127.1902975,214.3576356,90.93398831,202.496073,4.578385431
275.6768409,7526.768409,1.910800944,122.8455711,227.4128141,95.22331472,219.9972459,-1.074331889
293.0017918,7735.017918,1.835234635,144.1020705,227.167632,99.14303434,209.1386198,-4.299925644
287.2436511,7607.436511,2.690951383,122.9301981,236.9816251,103.0044447,193.4540262,-8.981580545
290.6009687,7836.009687,2.728746219,136.2083818,247.8435285,119.8440176,210.6183588,-9.714020964
274.3557195,7593.557195,2.918901423,119.9512661,213.8994972,89.28839021,218.1566283,-9.757614906
286.7236061,7532.236061,2.232445763,145.2022196,239.6640836,94.13694813,194.9415123,1.39421352
272.6918499,7336.918499,4.145946262,134.501251,232.9985274,90.51564708,208.3204496,8.015102685
282.2381618,7717.381618,3.603097616,134.9811027,229.0118935,94.44453747,183.0321705,7.101285832
270.0067007,7520.067007,2.138220719,116.3860201,238.743989,84.03218068,215.8118735,-6.469599786
275.3370557,7408.370557,1.877560409,137.8389321,247.2016233,94.39239069,183.850269,-3.175511675
279.8601209,7598.601209,2.207225843,131.8030528,201.8345709,115.5146013,194.9170039,-5.23467347
257.0609874,7490.609874,1.826424207,112.0010137,207.3700051,91.94359391,201.7002337,-2.107734833
271.657264,7681.57264,1.858906431,108.0269411,237.8143616,94.87739119,190.5431057,-2.786088684
287.208395,7452.08395,2.152188284,139.8195737,204.1895676,117.7789666,205.970773,-0.516195089
292.1056398,7826.056398,4.65781726,147.9583302,225.806185,109.1351599,202.1771491,9.638427551
283.4592682,7824.592682,3.034653632,122.9069414,210.9930388,100.6695486,208.6874096,5.74102459
287.8689789,7578.689789,4.106501285,129.5492083,213.7147852,111.0877091,194.1655746,8.335926792
288.4023616,7724.023616,2.80009154,142.8861322,235.0920241,84.92718595,201.8405556,-9.885627005
274.1059541,7246.059541,2.196724765,122.8611727,201.5096387,98.57961413,212.487416,0.370468558
284.2390614,7752.390614,3.798006244,147.5937238,243.6659714,84.72944515,212.4278538,7.305442095
266.6622016,7411.622016,2.918090406,128.7875581,222.2239478,89.3447258,208.569599,4.302400321
273.8059564,7503.059564,2.08301286,141.038356,225.1196647,85.67469039,201.6774356,-3.942151183
283.5621165,7530.621165,2.845458036,145.4421859,227.0023982,94.47204957,206.930444,3.778588784
277.7052883,7692.052883,2.065705035,140.7761909,232.2772147,95.26557282,183.4752116,1.14525626
274.0869757,7410.869757,2.669665636,107.9707232,217.2428293,117.8923433,198.852688,4.194810274
276.042615,7490.42615,1.993992739,131.444922,205.0553745,90.56502925,214.40574,-0.497380413
271.0390802,7665.390802,4.617826911,119.9217129,215.9189468,98.89715381,204.2945929,9.160954678
274.7634208,7537.634208,5.096195067,103.1356476,208.4071059,112.4551762,217.6673242,9.872082739
283.6214061,7486.214061,4.799158506,121.2016126,227.806659,112.6247035,190.4871409,9.637732652
274.7943708,7642.943708,2.220196313,112.9342033,215.9014315,110.0137275,183.8520721,0.226770655
288.8205933,7643.205933,3.614709629,142.4519154,247.9033589,91.51335049,205.0645374,6.557778543
259.6622262,7371.622262,4.593082112,101.6652313,248.2867139,99.79886478,183.6370372,8.836691155
286.099462,7825.99462,3.937867738,147.9491361,231.006294,87.44846381,211.2854145,7.560180582
270.3305945,7278.305945,2.17365877,117.7684424,230.8748634,87.53598091,190.2696963,0.695275295
277.1135118,7406.135118,5.104804605,117.8353445,249.2689282,97.43364853,201.5500743,9.91325177
263.4791514,7189.791514,2.050218673,100.8164251,244.3641576,109.5436888,212.4550816,-4.214094744
276.8012374,7678.012374,4.660297285,109.2616163,238.2534975,101.0633704,211.5214147,9.261423698
272.9393479,7429.393479,2.078088516,120.062975,215.6795306,115.4673288,199.8390011,-3.832975662
283.6551434,7481.551434,2.078984313,146.4645709,218.2769514,113.2363519,219.0338565,1.514101346
258.942211,7199.42211,2.520940539,104.9807465,210.0633383,81.26421771,199.9053263,-8.621127846
296.8511614,7948.511614,3.963642143,147.2650767,224.3574063,102.7367617,191.1516567,7.578601769
282.7493643,7367.493643,2.433652216,143.4744265,249.5184261,104.3664506,192.0972498,2.040571299
277.2638739,7357.638739,1.735834166,122.7081198,245.6075477,118.4630058,209.745709,-2.040536672
265.1332458,7286.332458,2.682072904,116.3350441,205.9174717,80.92946507,197.4842816,-8.717287295
266.9786301,7214.786301,3.02354491,111.6372065,201.2595145,101.2441508,196.7515394,4.587683788
269.201444,7592.01444,1.88082586,130.7232353,244.9318834,88.19125448,180.8194638,-1.358492532
252.1250086,7191.250086,3.1250722,101.6537296,226.8585064,82.14651625,192.2111264,5.601826925
271.611338,7651.11338,3.330520251,100.7803032,210.0094944,103.499541,214.4153232,5.57430797
280.9944624,7504.944624,3.86229137,121.4397861,233.6826635,110.9041657,212.1401799,7.022531353
264.9162578,7169.162578,1.973702804,103.4037037,232.2111589,110.994618,209.8604344,-1.107668869
253.0937649,7455.937649,2.720041257,112.5970494,206.1042803,81.21153641,180.9251355,-8.382483417
267.3447979,7423.447979,2.223304994,111.0580458,212.9800117,96.27785601,181.0796117,2.074974243
257.2838547,7307.838547,2.714218448,112.6595597,203.0038982,81.78038509,192.4585984,3.856130008
252.760967,7182.60967,1.984591109,106.5527616,210.4930237,89.91354588,198.9781309,-1.619973829
262.2978658,7242.978658,3.676164476,100.6018111,206.6152837,87.71522811,216.3896507,7.109226941
251.5872391,7305.872391,4.068389407,105.7742149,209.6618146,88.60730317,195.3851926,7.961716388
271.7457979,7532.457979,4.504381192,130.924013,234.2733573,93.56473656,191.5410001,8.521468505
275.6403961,7731.403961,3.688003351,148.7128106,202.4749872,91.09672167,202.8461187,7.262596275
285.8488656,7598.488656,3.593711135,149.5172501,205.0927308,118.4911965,216.587772,7.07690123
275.982788,7459.82788,2.759245132,120.4527048,206.7086819,94.0962848,209.5455485,4.613770899
265.2649163,7357.649163,1.772918148,108.1477213,215.827056,115.7669006,214.2666513,-2.055921552
266.8306695,7518.306695,2.026432093,131.9380879,214.9375155,87.24166686,187.2879058,-6.008971445
275.4162031,7719.162031,1.881657932,124.5152673,212.7531893,110.5498747,185.0265778,-3.821456931
279.9547158,7379.547158,2.501153966,149.4704889,237.5268327,82.45382144,201.7628453,-7.615440768
276.8941717,7353.941717,2.542608629,103.2652104,249.9011394,98.51044918,207.894833,3.214283237
280.5616347,7635.616347,2.770383533,139.1617219,226.6988962,80.22041761,218.1995219,-8.644280305
287.4544843,7744.544843,1.676769747,114.4199249,247.2101359,112.4116305,194.8613763,-2.632037272
265.555944,7460.55944,2.39420613,112.070931,219.8305056,118.0194414,193.8622741,-6.64217127
279.2181122,7417.181122,1.838452724,133.1252286,205.3341223,81.40429483,200.6341719,-4.68226396
269.2614451,7282.614451,3.47561383,112.3031592,220.4386915,117.3538545,207.3975175,6.558451339
291.6707922,7831.707922,2.405482208,133.2929559,214.8063887,110.9541557,202.6409511,1.94837596
273.5860665,7415.860665,2.141825292,125.8654259,224.6703481,94.35446315,208.9212277,-5.730263015
281.8161006,7513.161006,1.779794156,121.2044494,232.8521838,116.355062,195.2125975,-4.204440059
267.9554567,7409.554567,2.674127248,127.7343904,223.052511,91.85029085,214.4879052,-8.128566966
278.7541174,7767.541174,2.852949599,114.352576,246.7580256,96.37181249,187.3190237,-8.97094147
275.2115953,7352.115953,1.92950429,135.3287353,244.2382411,83.86845049,192.6361857,-0.41922995
288.7015107,7607.015107,2.067708758,120.7428435,235.0988798,106.2775585,210.9471066,1.010764192
270.844128,7263.44128,2.36187254,118.027278,224.4842456,81.18403315,193.4268902,1.936926458
278.1971603,7296.971603,3.019435129,141.4328457,206.5843641,99.39621101,206.7261841,4.974750386
283.6619739,7696.619739,1.938768644,146.2483456,219.8506833,107.327674,191.5119044,-6.082980988
264.207051,7152.07051,1.863519577,102.3003655,235.220077,112.849504,187.4841737,0.437796182
269.704167,7612.04167,2.19299679,111.6313496,214.244276,85.99765558,192.0293026,0.64961829
273.1194576,7696.194576,2.090284439,117.4259685,205.1994039,110.1636146,215.4797319,-6.048134327
287.4645156,7659.645156,1.90313582,140.748324,245.3949229,108.7630809,198.4353251,0.463812929
300.4006911,7684.006911,3.059684887,149.2745714,235.4525405,102.3828214,189.0166061,4.66757695
296.7233631,7722.233631,2.56064117,148.4485852,230.7638213,103.3857839,192.8575436,-7.957339478
285.3810904,7493.810904,2.888976007,145.2474173,239.6249453,83.65082883,180.1108383,4.795325543
284.0482258,7420.482258,1.842096152,114.8278133,241.7823019,104.0188417,210.2323315,-0.121284862
279.5183822,7790.183822,1.749113954,149.6005622,224.1729499,95.26088828,189.0270981,-4.143320145
283.2933134,7697.933134,2.113699061,112.4710021,244.0594126,114.7032341,203.9168416,-5.52120353
264.1525002,7426.525002,1.931945,105.2953077,245.8209505,92.52395527,181.0043815,-1.924922027
292.4966403,7634.966403,1.976961792,147.5476306,213.5775548,103.0638031,213.3799373,-1.987011101
279.0127384,7715.127384,2.005499839,111.6710128,230.377268,97.06285599,187.4977901,-4.389244085
290.6514555,7646.514555,2.520429677,134.4884133,226.3292014,115.0504775,180.1907351,3.268932718
264.4012947,7599.012947,1.721194489,102.9178179,226.897289,90.15666668,192.0475123,-2.428349961
289.1825994,7771.825994,2.300403044,136.535455,246.8831547,83.15209441,216.8194848,-7.383310605
286.4958512,7504.958512,2.279593426,144.0860106,215.2594351,109.9462288,190.5045687,1.749740051
271.2128405,7267.128405,2.205926855,113.6218448,249.1716989,96.51586468,200.1391535,-6.505684836
270.008515,7205.08515,2.320780393,118.9528448,245.1065607,103.5639344,196.2891938,-7.642591781
270.9823634,7479.823634,4.190373516,118.7148092,222.9361444,81.05557327,191.7699703,8.502432451
286.8807996,7413.807996,1.804099401,137.4394129,240.8726632,118.0843917,217.0941431,-1.901505778
278.5100104,7295.100104,2.155055059,111.8903621,238.4523497,115.1047351,211.5597963,2.263564224
276.9444361,7544.444361,2.626775029,108.592655,233.8947485,104.954716,210.4765326,-8.319067146
276.5652968,7440.652968,1.841459261,122.4645824,215.9916945,80.68119368,201.044285,-3.633767795
271.5986572,7445.986572,2.677242524,115.2234204,209.8225496,95.11905896,212.9944669,4.136009381
287.6287717,7516.287717,1.892195753,141.9594561,233.5763848,119.1518615,198.3371463,-2.848746547
275.8911142,7363.911142,3.110406272,111.8870913,242.1486648,107.2532143,198.607582,5.208899027
271.9816163,7599.816163,1.986297195,125.1194729,200.8126394,86.43951445,199.7509625,1.420097365
282.3737761,7783.737761,2.077784168,147.12918,232.1401688,98.42386995,189.476409,-4.989629218
292.217569,7837.17569,4.796864465,131.6998849,222.1436512,118.6695098,216.9460744,9.424416577
295.3910982,7758.910982,1.865891719,143.3644703,244.9043878,101.388327,190.350027,-3.351210332
280.258571,7382.58571,1.935588843,147.0104845,216.0736465,80.98458112,187.92638,-1.310871806
291.0992666,7880.992666,2.261791362,137.5382431,223.7092406,104.7908834,189.7500717,-6.888835327
275.6558511,7526.558511,1.94224443,134.978753,225.7383552,90.84866124,212.6940847,-6.114539643
282.6186182,7416.186182,3.04486408,148.3982783,207.0219761,83.95383808,210.7418255,5.634740693
298.415555,7854.15555,3.870064159,149.7200395,235.6446151,96.11633779,197.0842723,7.374830008
282.4407405,7429.407405,2.197439488,122.5910841,241.5238173,102.3409239,180.5512762,2.028054169
264.5957522,7610.957522,4.362755202,103.5434889,202.8954638,80.68162872,219.0294013,9.073256401
263.9142851,7634.142851,3.381968499,114.6397016,214.569441,102.3618723,185.3012391,5.719440804
267.1850546,7531.850546,2.080312811,107.6177353,201.9022341,100.4481259,214.0569071,-1.104902879
281.1372477,7731.372477,1.913953187,120.8743187,247.8272052,111.7563353,211.2689235,-3.132680646
273.967151,7594.67151,2.968229144,106.5644664,233.358441,96.94199267,217.5230313,-9.944753898
286.9321415,7489.321415,4.208041405,130.2058902,248.210021,102.1380172,210.9359416,8.628463836
279.6245184,7311.245184,3.955966109,119.140403,226.5747139,109.6803722,193.2548636,7.269317991
296.4521395,7959.521395,3.663296396,144.7692942,240.1034262,115.8858349,189.2765617,6.749803211
290.7389012,7762.389012,1.991576208,148.3897336,218.7206992,95.20138304,195.1076328,-5.374745089
283.2199092,7602.199092,3.792567378,127.3442451,217.6909516,104.0653398,188.1234868,7.538156665
265.1044526,7181.044526,1.955513465,113.7411785,218.9133909,107.7844361,208.7829899,-5.054940669
286.1772414,7456.772414,4.771862657,129.6115209,232.8931067,81.73082706,213.0607453,9.175422841
288.3373404,7858.373404,3.042683247,144.8380579,217.9726576,112.0304203,205.8575557,5.50334949
269.8474816,7593.474816,2.02426153,120.3366673,245.0183726,95.09720741,187.4437093,1.100786258
292.2667141,7897.667141,1.85116032,127.6039138,249.1637433,106.8095577,181.4953884,-1.842047812
272.7569865,7287.569865,1.936389737,113.5826384,201.5213258,98.86656265,203.2160507,-4.850611247
274.008175,7665.08175,1.863323386,122.7722075,209.6811645,108.0935657,198.5069242,-1.765049156
274.6544161,7476.544161,2.066932955,120.0856768,205.6124996,108.9732392,187.9881571,0.244549268
256.9291101,7344.291101,2.043585512,112.4206733,202.1182024,87.66284054,194.7233561,-3.246441303
275.2986319,7317.986319,3.051325255,125.2933192,211.3870497,106.4869694,201.6586502,-9.574028601
274.9938029,7514.938029,2.471308367,115.5190413,222.339666,114.0529375,205.3166845,-7.083198142
279.5099656,7370.099656,2.076328846,118.6517432,241.8495183,89.42268802,199.0657511,-6.967164036
278.9607342,7579.607342,4.396935353,126.2485221,211.0912015,110.3273388,218.8557129,8.407346879
288.5925609,7775.925609,1.930634603,137.5297511,224.6972628,105.3530045,181.849056,-1.430471736
289.5298067,7735.298067,2.518660462,116.6753733,246.480937,118.2050414,206.3283165,3.344579331
286.249704,7497.49704,2.146164899,146.2079383,233.3607353,90.40986309,216.3823161,0.775002004
283.1376107,7371.376107,2.150079863,143.1159273,239.903951,86.17111111,189.4625684,-6.016393785
263.7417979,7342.417979,2.073249558,102.4345148,227.5496985,92.48484061,188.5482875,-6.476861014
264.3603782,7408.603782,3.523895218,112.6821262,249.0233229,90.31835113,210.4893123,7.026302226
273.9685977,7599.685977,1.828702779,122.3067756,229.4331077,110.2733104,199.4549518,-4.459698645
274.779569,7697.79569,2.921338381,105.2313944,202.2755357,109.3243722,219.6871003,5.100505415
278.3032471,7678.032471,2.298622823,117.4237995,209.89914,106.787396,203.5649448,1.902341643
272.3835231,7348.835231,1.957048049,137.0048763,220.2386814,88.65516458,216.9376773,-5.406876823
288.1141108,7786.141108,2.337885571,134.0257241,230.0638586,114.4722723,180.4884208,2.256022548
277.7906436,7382.906436,1.855670002,131.1192214,238.5965434,118.2628622,186.1815848,-2.427991786
283.6950907,7791.950907,1.90066908,135.5264201,220.6543063,101.2642327,207.3767618,-1.7977144
266.911646,7549.11646,2.834263273,110.2461843,235.5029153,105.9749092,196.6586548,4.865009915
284.8623583,7603.623583,2.025422135,117.0849057,239.4934752,100.027684,213.4385828,-3.143097365
279.4932534,7544.932534,3.811809505,133.8121241,215.8630099,91.3423086,197.1559237,7.098076115
281.3389748,7553.389748,3.737511184,143.9617382,248.963512,91.44590416,208.5198679,7.578800738
280.9392799,7394.392799,2.144749076,127.1839027,232.4828248,92.53682091,202.6464007,-0.116834759
278.4912504,7714.912504,2.185881361,114.1349825,244.049903,87.63400017,184.7961427,1.816643818
276.6842748,7611.842748,4.871824149,101.5117629,227.7968844,116.0769453,208.7180483,9.350608166
282.6047628,7476.047628,1.983168075,135.5168414,237.0801554,114.3359254,208.2548721,-2.80975014
269.2069534,7547.069534,1.901019604,100.3942052,238.5272031,98.46557445,184.628726,-1.906781317
279.2681769,7607.681769,2.091823483,118.6339535,245.412419,94.6900565,202.4764583,-4.58068569
282.0055056,7595.055056,2.304054282,126.5268607,207.5174878,117.5631343,193.4260007,-6.166886469
291.0427442,7450.427442,1.974577287,146.1055731,227.9141712,88.89493877,198.3539913,-5.762722636
262.9430698,7229.430698,2.000150795,104.4747273,221.4189257,102.1416784,196.9103477,-0.078431207
269.5625943,7405.625943,1.983509346,120.2971161,246.1579511,82.17992622,184.1909762,-4.863024812
250.621618,7481.21618,2.007279663,101.21566,205.2547347,87.64808788,186.3209195,-1.676577815
277.1300928,7361.300928,4.492428613,117.1305492,249.1286944,104.1610773,183.4723446,8.532993577
283.2231488,7587.231488,3.293456253,131.1115529,243.7725662,106.4873461,187.6978805,5.918740959
261.7787258,7212.787258,4.03236973,113.9533974,203.6913141,103.2398327,214.0977755,7.827587129
267.5388505,7510.388505,2.234816282,110.4874975,224.5483193,114.7840566,180.980906,1.918874647
268.1140591,7231.140591,1.896365294,105.7851617,235.877975,119.7362088,197.26469,-1.449001385
287.2702772,7437.702772,3.629037906,128.8570122,236.9075773,110.5544737,212.0374555,6.829155715
278.1741562,7531.741562,2.019583045,134.7635003,245.3247063,98.60367137,184.0103282,-3.937540178
284.2276972,7762.276972,2.805523336,133.597857,239.9932718,113.3573868,189.1085436,3.569509359
289.5263036,7470.263036,2.309550874,147.443051,215.546519,84.81549577,209.0975883,-6.400444266
269.2783707,7467.783707,2.427298657,100.1351607,224.9217393,107.3308279,205.9020973,1.811824537
284.0615886,7620.615886,1.737165111,132.3598327,235.0892881,100.7335115,202.5209535,-2.080509227
280.1047831,7696.047831,1.741640998,130.0196119,206.9218421,87.12263545,186.8656327,-2.500506954
282.2587535,7587.587535,1.894024248,129.4369805,209.6995399,118.9173447,211.7812405,-0.763879466
293.1794097,7801.794097,4.34987476,148.138516,224.0521224,93.53749679,185.6565645,8.692515785
264.8856024,7418.856024,2.75899417,100.8435837,214.9122899,104.6169362,185.3919158,-8.416249867
289.8676339,7448.676339,2.014316493,134.8241215,243.1279625,115.1437695,211.8014018,-3.800760356
282.6833404,7806.833404,2.343612359,140.6839325,229.3138661,100.2675538,194.7689331,-6.294020724
278.9315142,7599.315142,2.275322399,125.4903598,217.4332599,84.60551401,192.5046846,2.313267479
281.0819164,7425.819164,1.915416669,116.6982435,242.4416513,112.7495634,191.1468821,-2.959699039
280.3925135,7438.925135,2.029053565,139.5420082,240.2439224,94.12855068,192.9988843,-2.721124556
277.963152,7429.63152,1.869258495,104.8621463,249.9177439,119.3226748,193.623504,-0.746707428
279.9107618,7624.107618,1.905551357,122.1017819,242.3653844,115.3530179,207.8547077,-5.338202728
275.1591935,7691.591935,4.359840757,125.9976187,220.7228267,114.1379733,189.610488,8.857367309
268.7830701,7662.830701,4.183834974,134.6978205,206.3749441,94.2501271,193.0130581,8.460687562
278.6551408,7311.551408,2.814303172,104.5442866,242.0320454,110.2851911,211.0484603,-8.742747519
279.4009899,7514.009899,2.126467243,111.3879751,202.9878959,119.4531625,216.5260229,0.133849704
270.9996938,7569.996938,2.212498418,120.5150781,217.5135604,101.0528645,204.5134388,-6.486628194
281.0349384,7400.349384,4.97409697,131.1647337,245.986899,98.8292862,184.2047292,9.910742583
291.9853746,7609.853746,2.751550343,144.3480391,248.0383237,80.58663284,201.6633864,4.612908971
275.1159249,7306.159249,4.416137723,130.9413084,232.0282297,108.0081507,205.111155,8.920809697
270.4375807,7244.375807,3.610594897,106.6730735,234.4324158,114.3391027,192.5621079,7.123798373
279.3724236,7298.724236,2.418263403,149.0290066,202.1227244,89.89828744,213.1200149,2.867482295
286.7170909,7792.170909,4.582417781,143.5892867,225.7240171,92.60098308,211.2831524,9.075287569
286.2434367,7387.434367,1.768397944,125.1360381,227.3434089,100.0270809,203.0122683,-1.355703234
270.715066,7472.15066,2.006794368,146.1173991,217.0050373,82.88320629,185.8006236,-2.038044706
276.9411509,7594.411509,2.262357003,127.0690397,203.4298417,83.58569904,207.8952586,-6.956570201
287.1490076,7411.490076,3.159098548,146.1653034,211.44538,96.84443036,215.8139466,5.865131605
282.215644,7347.15644,4.354505929,141.4948684,217.8991968,90.44875811,190.0040444,8.523568808
298.4050841,7929.050841,2.755135333,148.4143205,221.7570993,96.2414921,218.3474358,4.804111575
282.0073448,7695.073448,1.900812588,145.9891405,229.5463363,98.17545192,210.8520959,-3.962689792
268.574199,7595.74199,1.896567768,101.8016909,236.1195759,119.0509359,192.012863,0.63023296
267.9450574,7199.450574,1.978381773,108.7386002,215.8815937,117.7703928,204.672845,-3.561038811
267.3028572,7373.028572,2.171443165,119.4567339,216.447688,85.58920606,192.3139173,-6.254690468
288.5859842,7390.859842,2.564358671,147.6071349,200.9845821,115.3034389,183.978715,3.172489205
268.7258057,7237.258057,2.684764984,115.001446,202.043743,83.20826649,212.9659468,4.48709561
258.4055459,7329.055459,2.380982388,108.0233822,212.8910847,100.3054188,206.6322814,3.048235544
284.5055764,7375.055764,2.790592509,144.3152333,237.0122499,86.556396,204.5600261,-9.386411532
282.8878827,7488.878827,4.349666227,122.3197208,231.4156915,94.63568581,185.6869152,8.318657106
292.0762267,7705.762267,1.885997774,145.3937797,238.489451,109.733609,195.0950845,-2.755381244
278.6480205,7716.480205,2.304483872,108.0115233,238.4459718,96.98021917,215.0654432,2.29019158
279.6698419,7771.698419,3.360916046,133.0558756,242.8283734,112.2780515,186.5321784,6.307898051
274.8208199,7268.208199,2.028181332,122.0131876,236.0159633,108.7526284,181.9161155,1.109271695
280.4888955,7804.888955,3.493485201,103.8243385,248.950546,117.7135778,187.6460591,6.986003263
288.2375078,7652.375078,1.778631332,134.8231572,244.941261,101.3662408,190.0072003,-1.864345067
275.6755393,7736.755393,1.792733836,112.3699378,229.3358583,112.0859182,211.345701,-2.895346048
268.7176959,7382.176959,2.427657055,101.9807761,229.4078835,92.91628425,205.9256588,2.176969773
263.4789651,7529.789651,2.004151974,102.9972149,201.713352,93.8298338,180.6937099,-3.16968504
276.3376876,7343.376876,2.064718335,103.0539269,249.9263289,96.02041854,180.6915861,-5.956488811
282.0147607,7570.147607,1.730114776,145.3866479,206.5787999,96.43662937,202.6758572,-4.001105191
284.5249723,7775.249723,1.864389622,136.9941959,237.0173598,84.13012883,205.3316977,-2.716008054
287.0217913,7595.217913,2.060999033,144.9031179,241.0507598,100.7639576,185.0168752,-1.347314743
284.6895876,7501.895876,1.985479225,133.6291156,218.6527265,83.87212877,204.4184861,-3.465856708
278.4442459,7724.442459,2.033093669,126.4469965,209.8426027,115.5904854,189.6140764,-6.546172196
260.8982406,7323.982406,2.444928991,115.2223182,204.9379943,82.47379133,193.4688537,2.491639389
300.256201,7987.56201,2.311676447,149.8981126,237.4303003,97.98777721,196.3532632,1.974269103
259.5015954,7450.015954,2.3189047,118.1094529,222.6326765,91.38776266,184.6477918,-6.399064484
273.2536305,7567.536305,1.866098166,123.5324475,235.685888,86.19477663,218.5237442,-2.841186791
290.6754154,7666.754154,2.648057629,118.9122587,245.7703824,111.3534676,218.9505781,4.116520345
287.3421731,7688.421731,3.619628081,148.9763465,207.3291868,108.597296,197.8000676,6.448946815
265.3071379,7563.071379,1.983207286,108.7329193,245.95855,85.83791561,190.2986591,-2.166355203
277.4998584,7409.998584,2.080918255,116.3994,220.581323,105.3106256,218.3437779,0.170516151
282.9377947,7649.377947,1.689900135,134.0174333,215.2633505,111.7022067,212.7222959,-2.065179662
271.7777865,7382.777865,4.342902065,103.1603809,247.153113,110.9332888,208.9691442,8.69022498
275.3618197,7728.618197,3.829415789,130.3624687,249.5325846,83.69118391,198.4724715,7.743758167
272.0594616,7420.594616,4.564512434,123.8823251,209.9446109,107.4205088,196.4231481,9.129363874
285.8613076,7543.613076,2.085473951,114.1999988,232.8419173,108.6409568,211.1739709,-4.067599372
280.6431937,7446.431937,1.941099989,111.920664,205.3247657,114.4866507,200.7845471,-5.617660643
272.0874312,7355.874312,4.722608981,125.7256372,232.5457002,100.3217736,206.4232856,9.504938352
281.9774994,7734.774994,2.42733714,118.396379,241.3656614,98.44376001,202.6477193,3.066181852
287.843374,7443.43374,1.789269235,122.8259946,234.2249273,118.604653,208.4874163,-4.757813276
277.1642064,7436.642064,2.765504822,116.8738691,220.8666571,111.8604902,183.7642002,-9.66064477
278.9651291,7774.651291,1.893572811,148.5246847,219.153318,102.3492396,195.1048437,-1.02616138
259.3720499,7248.720499,4.815893537,106.6719716,219.6561208,93.22468285,186.6835675,9.37853368
276.350306,7543.50306,1.961691061,104.8401977,229.4855909,113.8095198,189.681756,-5.531782838
275.5851363,7380.851363,1.936169592,117.1695864,244.0783635,98.21745558,188.0329711,-1.655573769
269.6696125,7491.696125,1.834087552,129.551345,246.4533079,83.70740769,200.132892,-2.239335801
275.0798423,7440.798423,2.154711346,132.9588236,202.676481,98.19617091,180.7597195,1.035180272
285.0232314,7635.232314,2.290171041,119.8628374,209.0811197,114.8787358,218.5587041,2.174767098
293.1278392,7536.278392,3.136250587,149.9638997,205.6112158,97.93128588,200.7585531,5.124416586
271.0856662,7240.856662,4.067899023,117.5946498,209.666732,80.57396591,182.1028606,8.108700227
284.1139318,7841.139318,2.114856576,136.0703334,217.3303905,104.459413,207.2821536,-0.810411824
285.3697482,7773.697482,4.730898929,131.8791347,225.3265841,119.8332001,190.755522,9.443772582
283.7419048,7672.419048,2.263693004,140.6526932,231.4730614,112.6899434,184.2707037,2.58840883
301.7766853,7792.766853,3.013041135,148.8112832,236.607111,104.6895179,213.2121474,-9.821266618
300.9075174,7794.075174,2.336340106,144.4896828,244.5055771,116.5759555,187.9163041,2.528591292
298.4584283,7629.584283,1.722393182,138.2280987,249.4544219,112.5432673,184.1901708,-3.652965522
276.8149741,7363.149741,2.29851217,134.9124239,233.1428239,99.94557411,182.2762581,2.478580139
270.8080325,7523.080325,2.086987831,116.7749085,242.2682259,103.6488114,209.1423097,-0.5941583
278.838028,7583.38028,4.023301834,107.3842789,238.9019423,109.2517124,206.2108499,7.880165085
275.0941545,7560.941545,1.859410569,103.1318002,215.376602,113.8570466,180.3279656,-1.457644777
276.7200396,7592.200396,2.085943527,112.0950852,243.7846135,82.3270561,188.8592216,-4.015863326
275.9236722,7514.236722,2.844715611,121.6140741,202.1381569,110.9921543,208.1872812,-9.276270236
273.8742894,7333.742894,2.787387237,126.0998137,200.0183672,97.9001376,186.0856342,-9.473025801
276.5426249,7690.426249,3.949071066,138.6541777,213.6866315,106.4319424,203.0700313,7.629542816
286.1234761,7591.234761,2.119973362,147.9370462,223.1048765,110.5853204,188.5262587,1.211224974
270.3426207,7493.426207,1.837306768,105.866024,231.9181448,101.580077,197.9693714,-1.205044631
268.6800543,7241.800543,3.084336213,105.350207,205.0885133,86.34059402,214.6969225,5.139105191
279.2799717,7432.799717,2.969927998,129.4847362,233.6505067,96.38107326,192.1038571,4.218419185
284.1736409,7616.736409,3.79176095,137.2699037,240.0907934,83.07491975,207.4388956,7.406927781
276.1923506,7536.923506,3.708957232,142.407519,209.265646,107.5720276,197.5312493,7.533194488
300.6692296,7931.692296,1.823941679,146.791604,220.7562627,118.1482473,183.8462102,-1.992140488
292.6196241,7616.196241,2.164487804,149.1713121,225.9992495,111.8101125,194.4253997,1.973780403
267.7610784,7417.610784,4.22788379,119.9900846,222.5903509,95.59145691,213.6512027,8.492536968
277.1897813,7596.897813,2.765987458,119.0167592,239.9914965,103.3716598,218.9218497,-9.163501295
272.5973225,7235.973225,2.405078112,107.3904338,248.0261199,92.16802703,213.8032668,-8.419564159
277.0246395,7490.246395,2.417320583,134.2467219,239.9476582,101.641824,186.4891356,3.439632576
268.1226737,7676.226737,2.701420518,132.8380979,203.8996409,92.02907623,193.8203719,3.830646822
302.1035084,7526.035084,2.078231356,143.1031298,240.2467786,109.5329903,213.2475263,-4.167533
267.8761468,7403.761468,2.042455392,104.8628997,203.3298166,90.37366032,202.1558374,0.510758351
273.9231566,7279.231566,2.869261332,124.8888454,211.7985193,118.5608156,211.0474319,-9.982987151
274.6924932,7611.924932,2.115750126,129.0540965,207.6548448,106.4779493,211.1113307,-4.366037471
263.8354897,7433.354897,2.342923961,112.077852,209.8759553,82.75111391,182.843516,2.027018665
258.2028188,7572.028188,1.92803356,108.4512703,226.4157564,80.43111054,193.6962626,-2.464608179
284.1287392,7771.287392,2.099206275,142.9790418,233.5844929,119.8818538,199.1608602,-0.205920032
268.617843,7566.17843,4.376494307,102.9267461,223.5160641,88.82022313,217.8089889,8.669460556
274.5677186,7305.677186,2.848381346,123.5310452,247.984782,92.50250994,215.929152,-8.88105373
257.9909802,7484.909802,1.936566774,105.7917001,212.014616,88.33656057,196.9212793,0.151360339
278.256485,7757.56485,2.39222119,122.8529381,238.1570115,117.1240709,183.8266371,1.639931213
287.6905874,7381.905874,2.415683044,148.9981163,243.5091089,106.0805144,196.1816915,3.225844677
269.1232713,7516.232713,2.83911124,121.1853177,228.1033055,100.1754529,201.4361333,4.915342872
281.1980164,7646.980164,2.20196971,142.8562459,222.8111251,102.3060326,216.1758877,-7.048055773
275.2385585,7302.385585,4.193945527,105.8657782,229.8092223,92.71491389,191.7951707,8.460048872
276.2119739,7382.119739,1.876140461,113.5626038,221.4404885,104.5670001,192.3545658,-1.721838147
283.9922022,7709.922022,1.82306979,120.189637,227.7596941,96.78401454,205.0873294,-0.220633101
272.0069456,7645.069456,2.691045565,119.990607,220.8466976,87.96912586,200.2076622,3.238812683
278.0721963,7580.721963,2.251483948,133.5691739,220.0234855,106.264204,187.8347584,0.61078007
265.9149507,7584.149507,1.744352572,117.2359064,234.7673234,94.95362277,185.78909,-1.553128508
281.8185951,7643.185951,2.638508275,135.6883434,204.6425607,111.4026552,199.5798884,3.453526417
277.6153667,7351.153667,2.627310811,131.959345,208.3271036,96.6157983,211.1756383,3.410820948
285.2549914,7707.549914,1.976234655,119.9580573,242.5599236,100.330855,211.1532501,-5.546913848
284.4263788,7734.263788,2.05529515,121.5880064,238.5538673,111.4986592,219.0321475,-1.484058808
270.9801466,7419.801466,2.949074714,130.726385,214.0726864,97.91512372,195.3087279,-9.613999484
276.9701691,7544.701691,1.830939457,103.5021095,218.8634466,118.6488454,195.6795731,-0.851035627
284.3023758,7828.023758,4.040174536,141.1203369,246.3013253,111.7211467,180.0727798,7.816244865
290.3314158,7458.314158,2.36199914,132.6710581,240.9038613,113.0572162,213.1966946,2.831907862
281.1849679,7416.849679,3.885825173,136.3171232,230.717315,118.1568187,205.8651378,7.862572883
272.7674917,7282.674917,2.89583048,126.8461501,211.0745089,95.55402515,210.7968847,-9.854585136
267.4853669,7339.853669,3.164472212,105.5238555,202.2125986,103.2032106,198.824928,5.481798595
271.2165138,7422.165138,3.287244409,120.2517807,221.5628923,107.7436696,216.8077395,5.724286384
277.5561678,7675.561678,2.011223898,120.2686791,233.631357,106.9383393,181.1645519,-2.139561727
280.9840293,7524.840293,1.944698284,116.0521495,241.4240245,118.1174718,184.6112473,-2.70887213
274.4270034,7444.270034,4.158589516,101.4975162,242.6344503,91.53394536,195.0406934,8.37204033
273.9284645,7624.284645,2.023785491,136.8627121,201.6387951,91.65446115,183.4042363,0.785628019
260.1208038,7586.208038,1.94878957,105.4892229,212.2078517,116.7201761,183.5155153,-0.893081677
275.3265535,7318.265535,2.025838152,130.3154067,216.9547294,111.9722257,202.6749072,-3.322019709
270.2846999,7217.846999,2.470229219,135.1608748,209.4366105,88.13426496,188.6448808,2.912737669
291.2251956,7577.251956,3.324022677,131.7393161,240.1487689,102.8018751,205.0614084,5.699653295
291.4221446,7869.221446,4.165667837,147.9571126,238.3732882,109.8305494,217.1759929,8.136016491
269.4713356,7544.713356,2.711491066,105.1649078,225.841652,94.12145562,212.9552884,-8.739331228
281.2823861,7737.823861,3.269926371,143.358358,249.1463239,97.37529005,189.9372155,5.413219053
255.4766607,7554.766607,3.054940501,101.4595117,207.2029271,103.0158645,183.586517,5.259944273
286.1583675,7466.583675,2.29763058,126.7458427,244.9825852,98.6843423,218.0076987,1.644957608
268.2479905,7487.479905,2.167065968,120.2121809,205.8231627,110.1216956,219.7798373,-5.315025066
272.61651,7596.1651,2.708242886,126.209193,208.1590853,80.23755015,194.979796,3.720318808
274.1299923,7436.299923,1.699995461,118.2549939,234.81096,97.38530098,198.4270904,-2.5527287
258.083686,7140.83686,1.917269829,109.5283457,205.4784846,93.50325501,185.8133465,-4.047449257
275.7652202,7522.652202,1.913760883,100.9561449,228.2922548,104.3665621,208.4072317,-2.666774144
283.6180794,7531.180794,1.792018369,125.9074907,221.0116768,111.0383377,196.8733443,-2.258319356
275.7636514,7307.636514,2.830866074,142.1388431,236.4236983,83.04580649,212.1206058,4.255116474
277.9470077,7769.470077,3.870207021,118.6607978,245.0337619,86.32238934,203.0918685,7.074988089
267.3900101,7308.900101,1.930492254,111.1431909,238.4935757,106.603265,181.7113524,-3.329217969
281.1160246,7641.160246,2.139852211,104.0266002,242.4844938,109.5360976,193.3981816,-7.281629618
257.8296734,7418.296734,2.242075482,104.2655462,201.6472724,103.5280711,212.3438468,1.744796144
277.516753,7395.16753,1.891186243,111.0698223,215.5097749,119.312134,207.5245553,-0.245963808
263.0264781,7205.264781,2.191768592,105.000703,225.7716543,99.97845956,205.3012779,1.385816176
275.9543818,7429.543818,2.278124638,113.2519849,220.7976657,85.4516934,206.9001857,-6.451139776
263.1112702,7331.112702,1.752000428,103.3074731,211.5627476,107.4516424,204.201475,-1.301198756
268.3009975,7538.009975,3.126371968,103.2802434,215.3937049,104.0830209,205.6449731,5.978088073
285.0181438,7810.181438,2.088528805,142.813809,247.2715485,103.616859,204.8168442,-3.363723111
267.2662118,7252.662118,1.800074205,108.106013,214.709044,101.8341454,201.3371176,-0.845367105
286.007964,7380.07964,2.341534069,127.9841203,217.6952055,117.5638284,210.309885,-6.497936908
279.8152571,7513.152571,3.67475326,138.6727772,200.1854887,85.16625587,194.7797025,7.223924352
275.7816862,7617.816862,2.141804178,122.8204783,242.2538814,82.92789194,199.0095335,0.942386756
264.9098103,7474.098103,1.831813526,107.6684439,207.7420352,86.16468678,196.0579823,-3.533628168
269.9897009,7699.897009,2.003576584,109.9798071,210.2072138,89.7996084,188.3684196,-6.054655368
269.7512969,7432.512969,1.990649255,121.6492103,212.7632259,103.7178528,192.8755585,0.028044521
278.4245748,7414.245748,2.960454547,126.4117045,244.2311028,104.49701,182.2006031,-9.463106819
257.4853315,7559.853315,2.183671215,117.4720146,210.3225706,89.3040751,193.0211054,0.666681107
288.0305282,7555.305282,2.642251273,139.07398,239.876318,99.56901997,195.6233237,3.323780196
294.4449318,7819.449318,2.652369832,137.5510824,240.402467,99.28247411,183.7353639,-8.078749185
295.4917046,7894.917046,1.816404494,146.3605904,246.3510284,98.12443065,188.8182052,-3.978791077
274.3718478,7443.718478,3.012771385,101.4476275,205.7780657,112.1418118,189.9816699,5.196783537
282.2223112,7452.223112,1.781928535,144.7845646,210.8639486,98.8677228,189.0988083,-1.290905852
284.693947,7561.93947,2.258523937,119.6284394,237.1449146,110.3346198,194.0088681,2.260558521
271.7207634,7607.207634,3.969227319,143.9186248,209.8000377,86.65924527,185.7950442,7.996857143
279.8826577,7333.826577,1.87780046,134.5392388,214.3164773,101.2786938,209.2600543,-5.557341452
292.4832889,7554.832889,2.121988936,149.3674379,208.337079,112.964191,193.7061942,-0.555333177
274.3373293,7448.373293,2.102105415,137.9641226,208.6348343,87.10866336,184.8946094,-4.924907414
264.477058,7364.77058,2.537729523,118.2272313,224.0776677,98.59688675,203.7439913,-8.581046535
269.9878066,7449.878066,5.028110297,125.0531586,205.4841531,104.3631726,187.185927,9.938923914
270.5975804,7370.975804,1.854256912,118.8194578,216.0848809,87.39098299,182.3222528,0.485378371
273.0269652,7570.269652,4.181531709,118.2455918,221.3296955,110.2706242,186.5316857,7.991744368
260.3641268,7423.641268,2.040125593,113.045225,201.2274058,83.15984991,196.7997925,0.265600351
289.5371946,7530.371946,3.137193284,124.7985148,219.4166583,117.8566204,207.7403589,5.897882564
273.5572011,7250.572011,1.985212305,134.0869973,204.7061218,98.72885977,205.6600354,-5.288414065
270.2422253,7527.422253,1.776407936,113.8670136,224.6789266,93.44492345,180.2082392,-0.798929166
284.857135,7823.57135,1.907732921,126.2189906,241.2869094,84.67228029,211.7316261,-1.613144666
275.7956523,7287.956523,2.710623273,105.8690147,240.9211081,97.30386572,193.4275111,-9.293958836
262.2116018,7407.116018,3.560601495,107.9922643,204.0224258,106.3921612,207.1886276,6.477504616
251.4687719,7029.687719,2.938605253,102.3403177,230.0613879,83.77949117,181.3069269,-9.180865156
285.4010878,7509.010878,1.881214854,148.5365721,241.7293191,92.25076381,195.7515297,-5.577724474
258.1149553,7441.149553,2.385538587,100.1930176,211.8986271,113.4407033,180.7844201,2.871138958
265.6575338,7611.575338,2.537207084,108.9289984,238.0963256,105.847241,212.6538214,-8.308378792
275.54089,7450.4089,1.971519367,130.6433377,244.5382173,88.25492047,187.4786872,-1.923514158
267.1408185,7201.408185,4.253092858,104.0684799,240.3062076,86.43639183,206.9819163,8.692387194
290.0888874,7425.888874,2.079254264,144.0948252,205.3650516,116.179401,191.0826465,1.500610535
271.6246557,7431.246557,1.902506475,135.9810079,200.453,91.48080885,185.4140446,0.396389116
278.0378322,7455.378322,2.242014152,148.3194986,209.5862055,87.18000676,217.2118136,-7.458747812
283.1614494,7741.614494,1.807280647,125.3817774,213.523867,119.9985607,203.8009846,-3.559503818
277.9920742,7504.920742,2.916092859,115.0201842,230.8091495,92.36767311,215.6252419,3.996033699
276.2025597,7427.025597,2.003228349,127.4750286,219.2136588,84.98960751,192.2639761,-6.447435646
298.3046623,7958.046623,1.908108641,146.5409359,235.1703515,98.47030519,213.1934133,0.00901636
272.8059967,7323.059967,1.948098442,126.0380719,217.653748,97.37380441,217.6672933,-0.213590143
272.9869917,7539.869917,2.318261443,113.3603516,207.7212712,117.072099,195.8073531,-6.171489692
282.0575998,7685.575998,1.842861767,143.8699395,215.6344922,85.3681979,216.165242,-0.782515988
269.0068425,7655.068425,2.935196315,118.5959374,244.2162113,83.64545625,193.4034297,-9.987542349
267.762471,7382.62471,2.588749696,100.0691675,247.9266172,83.71914684,192.984,-8.457744363
267.7863173,7202.863173,1.783635744,112.3842511,210.3756367,116.1714986,219.8293069,-0.475366977
283.1455762,7351.455762,3.673179321,115.9116755,239.4234194,97.97476712,218.0964179,7.404904897
269.6570593,7211.570593,2.757440778,142.9388734,213.6674368,86.02426113,189.1447338,-9.599777558
280.5722609,7355.722609,3.160534292,122.9251584,244.3565772,103.7532039,213.4880811,5.808992492
274.737857,7507.37857,1.940257825,122.2293644,208.2772806,101.5049342,193.6983151,-4.200301663
271.8472921,7568.472921,4.320680169,116.8051133,233.2979959,87.93626991,219.169735,8.526362307
288.6086368,7446.086368,4.435839276,144.0339062,204.2105632,104.1215256,213.9927052,8.580690919
283.843067,7618.43067,2.031173032,147.2513388,248.6946662,93.60924937,216.1967721,-5.466570735
296.3019451,7673.019451,2.660758007,149.5945165,235.0316672,89.53483071,202.9469405,-8.432751873
268.6912443,7421.912443,1.998799167,118.8370633,242.090787,100.4160244,191.7660541,-1.072309649
281.8651971,7413.651971,2.265422702,148.3073723,228.333467,91.66597046,187.9010003,-5.706302737
277.2095479,7367.095479,2.670758645,139.5939785,223.8400682,88.88559687,201.1148768,-9.071711516
278.5900571,7565.900571,2.271630775,133.7844574,231.0941196,115.1888963,206.860629,2.257969728
260.1264352,7436.264352,1.96696084,112.244474,226.4370756,86.23050306,209.6715454,-3.326779878
273.1915662,7451.915662,1.953700282,110.822863,223.4692178,91.22359909,186.8153285,0.043567892
276.0392076,7735.392076,2.006544566,108.3023912,237.9725126,95.44553519,201.4355197,-2.575483314
286.6388934,7636.388934,3.638644614,146.1378305,208.9100477,90.94553241,197.4443928,7.317692012
268.2109857,7652.109857,3.077042985,114.7038331,208.5586024,88.4284257,188.3289684,4.997698328
270.6019868,7246.019868,2.881627962,122.6547123,221.5921325,110.8458439,202.1184927,5.064516791
268.5814225,7585.814225,2.028128201,124.6978917,216.0373958,93.16064635,191.0365489,-5.077769353
265.8173743,7653.173743,2.473685736,138.9085798,203.7062259,84.50051831,201.4021823,-7.959910606
280.0521787,7395.521787,2.463348137,142.2117481,242.2235246,101.6358065,188.0043738,-7.585271636
259.0562296,7235.562296,2.114988739,106.9536351,238.5801403,85.01953989,215.9977015,0.78183704
267.7331507,7497.331507,3.413957478,121.345218,227.196075,94.3007843,193.524113,6.223750429
287.0135481,7765.135481,3.993684256,142.1427444,248.9662269,115.2730705,204.4133841,7.781221852
268.4321753,7479.321753,2.005641529,140.9016653,203.6300033,94.7664478,184.8773195,-3.479040131
267.2355081,7467.355081,1.833286512,105.1206879,238.3334651,105.300359,205.2006877,-0.905660595
271.8140339,7618.140339,2.621040183,107.8191674,213.3185196,100.5850214,190.8816136,-9.139515546
259.8960011,7288.960011,2.303173617,115.2099346,218.429946,85.50899383,218.2612636,-8.0818012
275.1332075,7381.332075,2.030126642,103.7679535,210.9639693,105.9627839,195.7661706,1.38829039
286.3606649,7828.606649,3.45235933,121.2331501,239.4518946,114.2413999,204.2962623,6.215875269
265.4510644,7379.510644,2.117489553,105.3808853,207.2120051,83.72849896,188.6325346,0.275504137
290.3096919,7598.096919,2.519001653,128.4108797,242.0008349,110.1472036,214.4590481,2.941355111
281.8170418,7458.170418,2.787388893,112.327847,233.0788824,107.6084513,212.1733167,4.865258109
274.8991043,7323.991043,3.642342577,129.8216533,202.9511623,114.666423,189.8254125,6.605772094
263.0877496,7360.877496,2.002727908,105.8762821,240.5490866,84.16367729,216.4419403,-0.037940678
289.7921181,7622.921181,1.838504961,148.7941934,231.3877858,92.22781518,181.6062009,-4.33675057
296.9687307,7859.687307,2.378865832,146.6280602,245.249116,107.7716595,210.1029248,-7.343728031
271.4911026,7639.911026,2.70831109,119.5898469,237.4361153,80.88071916,198.3147514,4.083849641
269.3615247,7248.615247,3.184076227,112.1089297,228.0560464,109.3630271,213.4183758,5.342621354
273.3960844,7523.960844,1.893305045,112.5199106,241.827359,114.3191432,198.6194387,-3.500733089
273.56182,7570.6182,1.695442375,124.1696768,213.9025119,98.1321621,182.6232838,-1.949989532
262.7858225,7132.858225,2.720430158,101.9996401,227.3475031,97.37319614,189.0618213,3.775266916
287.4981686,7684.981686,4.143026206,131.9852553,214.680841,91.13875848,219.7749934,7.948615952
274.3433966,7593.433966,2.449538933,120.4151454,248.4102196,80.2020748,193.3671041,2.577955084
265.2082237,7447.082237,4.200866806,118.8703286,211.309815,87.45214067,186.4122087,7.892299196
296.3851765,7578.851765,3.872839935,140.4682486,200.786912,119.1945647,212.233233,7.660204476
275.4044242,7324.044242,2.807913063,135.451773,216.2927421,114.6914431,181.8027931,4.716988597
279.7827699,7622.827699,2.235430168,147.7166908,225.1254698,90.66018555,182.6563501,1.720887862
270.7649855,7342.649855,2.133957313,117.596812,201.4181467,118.5499543,191.9007512,-5.109765269
291.7032598,7462.032598,2.679253904,144.8771382,227.962415,94.70850464,181.896039,-8.539602723
292.8741223,7778.741223,1.874073602,138.4983593,243.7141387,91.90341499,219.8285074,-3.707720405
268.6754289,7626.754289,3.611917331,117.8712326,235.2366097,86.11230542,207.6451554,7.169252841
294.1202649,7631.202649,2.316979118,131.0832718,231.1484161,116.0644428,200.7834576,2.858858637
275.0895752,7680.895752,1.88360751,114.4284979,247.7980875,119.4796996,212.2066556,-1.197953563
289.8910141,7408.910141,3.132626477,143.7199959,247.9139667,93.09645616,206.499472,4.911766572
275.2812573,7262.812573,2.542746699,105.6213659,241.2133235,108.1372169,186.9305981,3.406397389
264.5343399,7265.343399,3.470290986,110.6217181,230.3870924,93.41213639,188.785352,5.93015994
257.5675654,7090.675654,4.300129028,109.1516646,224.388228,84.19962957,214.7077714,8.540235661
263.4121704,7259.121704,1.714199947,120.1513001,200.6658057,95.70769228,193.4784531,-1.392891167
284.7782794,7552.782794,3.726044391,137.261648,230.3130953,102.0627984,197.9056137,7.365463146
274.4664381,7289.664381,2.783323167,126.3453725,249.4544038,84.92067037,195.6454285,-9.928171219
280.7137483,7537.137483,2.647809004,124.3838162,240.9050525,112.730911,182.0811925,4.183032961
256.0688402,7130.688402,1.859972311,100.0272982,217.0302322,99.89452468,208.1829487,-2.318428221
259.413876,7329.13876,2.207287085,121.2700863,207.6023513,89.3753181,201.6029632,1.637513492
278.7993587,7512.993587,2.178913313,103.1776887,239.2029307,103.7103831,207.0456033,-0.180215243
266.8399817,7338.399817,2.108843951,110.4126626,237.196891,111.7303722,191.1292556,1.848051028
286.3959557,7413.959557,2.348596062,146.6196969,248.3523396,93.10497396,196.2765563,2.184433085
278.6026011,7456.026011,1.792635926,110.7699102,243.7421181,108.059053,187.7059905,-4.407571389
292.7181965,7607.181965,1.891897905,142.9168819,227.7831313,97.1143672,196.7873053,-4.446684369
283.6930112,7441.930112,2.427910172,140.1446686,205.0642123,118.5620468,206.1396565,-7.449332083
276.8850698,7478.850698,2.217048392,107.9573118,224.1750329,110.8376035,217.7875617,1.463007178
276.652415,7666.52415,2.604728981,130.2855979,215.6847527,94.2540361,206.538288,-8.814609484
253.3495067,7318.495067,4.671585275,105.7830936,225.6204241,80.70991836,201.0063892,9.179282071
280.9371874,7364.371874,1.980840438,136.3944079,215.0850787,106.3007958,196.6546889,-3.767915178
269.9484125,7624.484125,2.066911557,131.8731139,243.0911496,87.91488634,184.2219874,-6.409506982
293.3963874,7813.963874,1.852263518,140.5969281,242.2163507,84.87516703,199.0829719,-1.511323738
284.1846911,7541.846911,2.660298748,123.9692275,215.7732579,117.2710581,186.2043237,3.916303947
291.9813736,7904.813736,2.80702133,145.7431544,229.9790673,119.9979588,203.2874873,-8.743398753
258.389995,7543.89995,2.181225778,102.4674473,221.5090429,90.79555282,209.2098831,-6.007380826
273.8268901,7638.268901,2.699981435,114.6444283,245.4546379,92.07074209,217.8598245,3.603296989
271.2404918,7377.404918,3.625071964,135.7526299,209.3680451,86.59955757,191.8741147,7.196419372
273.925742,7504.25742,2.071248705,120.9054606,234.8864201,98.30739104,195.8762216,-2.756814032
285.5237586,7625.237586,2.110723329,108.6475677,248.5187664,114.6337504,187.3180776,-6.449858587
266.4533602,7354.533602,1.887866551,105.3605373,208.763776,108.0602381,215.1176204,-1.801288969
292.7334195,7832.334195,2.022307348,140.8669556,210.0983214,113.8532623,212.963089,-6.395869197
269.7436877,7217.436877,4.619724617,123.6571489,234.6861669,89.13926623,210.9983958,9.428624736
291.5168855,7690.168855,1.742428708,144.1141836,238.9576962,109.2182427,182.2916015,-2.353747617
288.3615955,7588.615955,2.235408288,136.6644567,224.5274527,116.7410651,202.2687777,1.02247169
274.4817063,7444.817063,2.264530668,120.4863103,230.4843233,91.25664457,189.4005425,-5.807926962
275.8289325,7468.289325,4.218580216,118.6755507,210.6341204,107.6261417,184.7874079,8.15981659
284.8118311,7818.118311,2.143878172,125.7819173,223.8307114,96.02629647,211.264524,0.252892273
274.2756078,7342.756078,2.10807778,144.4529977,205.603594,91.60906581,188.463255,1.785957338
284.9155944,7534.155944,3.953828799,136.863929,216.0710963,118.7849388,200.0324679,7.753861435
252.4082611,7169.082611,2.064641011,100.2576482,214.2389853,93.9453292,201.0438539,-6.673948442
278.4311497,7349.311497,2.416979775,134.7078926,222.231268,84.31398725,188.5312802,-6.814342113
299.6162623,7896.162623,2.684506264,145.9753703,246.5063181,95.54356838,199.6904467,-8.562310787
275.0814319,7420.814319,4.218444369,135.522788,209.0633831,97.90713164,182.1127959,8.687141003
278.9008683,7504.008683,1.972132804,108.8502891,220.0694123,110.088433,180.002898,-2.188181669
287.1216892,7396.216892,1.846505576,124.1759064,230.779861,117.9965707,215.2128773,-4.083292371
270.6654441,7576.654441,2.15541734,107.0158009,247.3278543,112.6822794,196.6235481,-4.869319638
277.6979193,7546.979193,3.63312626,117.9497639,206.6574096,117.2376525,216.296792,7.330225284
295.0935541,7600.935541,4.733390092,146.8558521,245.8938308,99.0024052,199.8522944,9.611668545
289.5748592,7510.748592,2.691779417,146.1652654,204.0526894,108.7726627,197.2443318,3.312748569
271.531415,7475.31415,3.167012646,114.1418426,224.0370699,92.3619834,191.8364856,6.016715721
259.9907552,7304.907552,2.317931556,116.9815522,222.7294934,82.78348434,183.2675575,2.66431183
268.8920216,7398.920216,1.769347914,130.0106434,210.4801364,94.61894101,192.387786,-1.394141377
285.1926539,7601.926539,3.05020517,148.1598648,217.3729834,107.9166091,204.3388106,4.635105214
271.2431751,7242.431751,3.816279802,107.3900667,222.7082634,90.98488441,210.5114539,7.37252327
279.562294,7515.62294,2.363339619,112.8458322,243.2605731,114.4562358,201.6330207,1.658848542
299.3369712,7768.369712,2.810884679,143.6778414,247.7532073,111.630914,210.3302337,4.589807082
278.4333477,7544.333477,2.950682463,124.5946116,225.9462839,87.76170197,186.3100637,4.59951602
290.7594165,7422.594165,2.488760569,144.9480546,243.5049895,93.2334705,203.3295973,-8.71895685
275.5765284,7640.765284,2.52151908,109.2758949,230.4085793,113.0121047,215.3041291,3.306752465
270.6569844,7366.569844,2.521558834,126.6334294,217.4543671,89.75751158,188.7184083,3.596828829
267.7138418,7317.138418,2.005170874,116.3134816,209.7097104,93.26408583,189.1067575,0.82778297
264.1470146,7561.470146,1.764911751,115.827128,220.6567386,93.7226773,209.9373005,-3.953312397
286.9898085,7864.898085,1.887592699,122.3438482,226.1412141,112.0416811,212.4822714,-4.192149571
272.9631034,7474.631034,2.155188611,121.6538725,202.2221694,81.48121062,189.9218532,2.03407957
270.8511074,7483.511074,3.695282659,117.867344,207.2920583,82.95147932,193.2627922,6.846118394
296.782521,7567.82521,1.977788674,145.7485385,230.0092212,103.1380619,205.270776,-4.689009938
285.4907196,7664.907196,3.067875357,136.5872093,211.2500797,95.88447964,195.9372685,5.276699057
282.1655886,7801.655886,2.148702702,136.3773496,241.8663188,105.3154128,204.9604388,-0.009013306
277.6167688,7646.167688,1.75153584,114.4956725,216.3471125,90.65845105,199.8572013,-2.847488813
284.6443909,7471.443909,3.142782747,128.8854712,205.2417104,116.3833071,210.9460524,5.20746544
283.2481902,7807.481902,1.881496496,138.9589717,204.1765294,110.4376755,213.8355459,0.073247622
293.2897299,7742.897299,4.582726879,139.7795184,246.856151,82.70984882,214.5530884,9.024562696
275.2934561,7602.934561,1.902808848,117.226523,205.9010156,111.3562191,204.4610031,0.7571429
296.6387316,7846.387316,1.876265948,138.5436378,207.0454882,118.7832949,204.5033642,-5.561934774
297.1732969,7596.732969,2.270289397,136.7946948,243.1333029,117.6974248,197.985876,-7.135046205
264.3670194,7418.670194,2.786400493,107.0753243,212.7144065,109.4193519,181.1045618,-8.475457725
287.8392412,7793.392412,1.773001954,143.2972734,233.2975705,84.94375014,191.9672088,-1.103461917
282.9702051,7484.702051,2.525425666,122.0660735,240.8362844,103.0430706,182.5479087,2.739912001
271.6538169,7441.538169,1.953903938,124.3205224,230.359032,91.36930915,197.51141,-4.070964945
295.508116,7645.08116,1.867615373,122.4184589,247.8744272,118.8085177,213.97941,-4.503806232
277.0973141,7320.973141,3.314701994,128.3923001,235.444145,108.699429,203.8720807,5.662236144
275.993534,7634.93534,4.726502622,131.0584624,205.6375755,104.4306236,207.0213039,9.610639817
281.8571616,7753.571616,1.879186438,124.9089783,227.9205013,107.8035217,187.5203189,0.114307063
286.7379234,7767.379234,4.455481291,143.3394272,235.9093263,97.51916516,190.478126,9.125049554
284.4014289,7824.014289,2.521222665,131.3867378,240.097862,94.90947006,186.5252861,-8.708378517
286.8463357,7473.463357,2.25680262,120.0713975,201.3160668,117.4319832,213.7075505,1.230803892
266.2703935,7487.703935,4.13018351,120.8345878,235.9439458,93.27708539,191.2125205,8.091983574
288.4536896,7594.536896,2.079262285,140.5419308,241.2840411,81.65744527,202.4930524,0.172417906
279.8962232,7493.962232,2.158064357,117.4095971,237.3416905,96.03360617,185.6451445,0.003355803
268.03393,7480.3393,2.07761898,110.5727398,225.6174573,111.6136141,184.9595563,1.594663354
262.3398641,7613.398641,1.844040316,102.9691594,222.9010482,105.9387343,193.9033345,-2.429584002
291.0894714,7555.894714,2.113360079,143.8013424,227.4709292,118.486831,193.2141263,0.383779396
282.4770688,7454.770688,2.256013505,145.9273226,235.2321849,84.2480747,193.1541294,-7.196273777
277.7308156,7322.308156,2.935270688,106.0060091,246.1457145,116.4618521,204.0373115,4.555594163
266.4540306,7599.540306,2.847564898,116.7236871,230.8517605,94.75396776,192.6396062,-9.671722557
273.9016288,7679.016288,1.947546697,108.7686035,244.3917153,98.96010342,210.7494348,-5.670661359
273.6695476,7241.695476,4.512713212,105.7949234,235.0628424,97.13928618,183.6268307,8.954470053
285.534271,7480.34271,1.730967768,144.9933372,203.4168189,84.65809124,192.9914343,-0.921795592
267.4157886,7354.157886,2.139725468,102.843863,225.0414095,89.91185823,206.7677251,1.441406192
286.4586016,7684.586016,3.0415777,149.0242832,214.3243174,109.6908628,204.1172844,4.890641697
265.4820761,7504.820761,2.202479829,104.822543,214.2587464,80.92030167,184.7806247,-7.091966241
278.9351472,7759.351472,5.020908517,143.1735325,217.7963776,85.35551098,197.5789397,9.86010202
265.4855321,7179.855321,1.890054475,128.3253053,215.7366386,81.00840675,192.3688585,-1.555816171
272.4921216,7719.921216,2.914990766,118.3958744,228.930499,114.2955223,205.2748173,-9.999599449
284.5553306,7760.553306,3.259220942,117.1171188,234.180075,104.6929931,185.1948112,5.901421966
270.1025882,7496.025882,2.4010422,137.8682072,213.4374694,86.79714648,206.8226369,-8.415208044
272.8377647,7238.377647,1.941337463,115.7286648,206.4881311,110.7508889,198.5533013,-0.579859238
275.7657727,7752.657727,1.997305451,132.8659458,202.940436,118.6720239,190.9955995,-5.31479369
292.2607889,7732.607889,2.209921042,125.8663042,228.7876423,117.382415,209.8977597,-6.68611803
271.6861867,7316.861867,1.912777671,124.2482823,209.3065083,116.8619019,187.5163942,-5.637958232
280.0538037,7740.538037,2.38285478,145.0581085,200.4623997,80.31240862,186.0895175,3.402628998
275.5755622,7435.755622,2.107304452,127.7322529,246.387654,103.5605396,180.6142375,1.857279854
293.3299821,7673.299821,2.568198248,141.3430802,226.857021,90.26530467,214.4520143,-8.70114259
283.0755489,7400.755489,2.743573158,136.2786767,204.622409,102.5858886,199.6946216,4.660172939
265.5787855,7495.787855,2.205058303,101.9278623,242.1460556,92.72121157,200.6686244,0.840121802
292.7124779,7527.124779,2.680629413,138.6555026,249.1601369,86.14666171,184.5905047,-8.245709577
268.1538093,7546.538093,1.918172331,110.8435125,222.4300331,97.77974893,184.3110454,-1.789061862
279.9614014,7629.614014,2.605938103,145.1574823,202.1244804,99.80385309,193.3513362,3.329947479
261.4401829,7494.401829,2.329658495,102.1462095,205.877297,119.5906203,200.6492258,-6.178611952
271.8772681,7228.772681,2.63557939,116.6536017,219.0826873,81.69551537,208.0348888,3.582813348
270.8861527,7698.861527,2.11745819,104.9866474,244.2761319,92.04620796,199.9708143,-4.679255661
273.3769315,7583.769315,3.178095392,123.7794559,207.401934,114.0757538,213.2623372,5.285170833
285.1656138,7701.656138,2.847883309,141.0011218,241.1995047,106.3878199,195.0956933,-9.396353786
264.0446375,7295.446375,2.323117068,114.909368,200.748813,113.0673213,181.1235197,2.209236662
269.8921968,7383.921968,4.532846918,107.5467449,222.8694349,106.4116367,197.046091,9.428764824
267.1008798,7231.008798,2.11129274,116.5133518,232.219857,110.3814524,183.4001052,-6.482999925
275.9390268,7729.390268,3.897941951,140.6940071,203.0189741,99.71687,192.8821771,7.815196339
272.7888564,7342.888564,2.222767317,107.0191979,230.7381375,88.19510772,219.4061873,2.140972495
282.7021639,7742.021639,2.325395538,111.3681225,247.2202061,112.4001544,214.2941703,1.881642745
269.4554919,7509.554919,2.48284737,103.4425982,208.012996,102.7128262,189.4582285,2.9837332
285.0132761,7440.132761,4.886427551,135.2855022,236.4805692,85.58020775,195.0384973,9.848347976
269.7807057,7602.807057,2.593898132,119.7616622,230.4546949,112.1957611,197.2466052,-8.234461858
277.5720504,7445.720504,2.104375464,115.5419989,209.2558194,118.3434364,210.5547351,-6.728645774
273.0838234,7450.838234,2.221585397,135.9313195,200.3101707,93.84655491,181.3382851,2.253906151
261.394922,7498.94922,3.383618429,116.7988771,200.4642225,91.74049008,181.5449108,6.206623191
286.8126113,7783.126113,2.846177321,136.3885637,226.6046205,83.27100713,184.6847147,-9.166592073
295.434241,7474.34241,3.824985576,140.7599698,247.1389705,106.5796491,205.1329993,7.762371314
272.0716847,7420.716847,2.396258063,110.8831422,232.2149314,118.3584647,196.5818647,-6.875194738
289.1734019,7726.734019,2.249842908,148.6909348,235.7149923,85.4397076,213.9570252,1.187236704
259.8603894,7343.603894,3.159289832,108.1178974,224.6932743,99.40638525,191.3623156,5.333844904
273.131244,7641.31244,2.518343081,114.5420453,229.0944471,83.92952739,199.5700812,3.271353517
257.948054,7369.48054,3.203073053,108.9897645,206.3183763,81.36439615,208.2714289,5.253620508
272.9383325,7244.383325,1.880729415,117.2752828,243.841031,106.580042,201.8080479,-4.136485535
276.5373238,7405.373238,3.636460998,124.0030444,238.0396314,114.707487,192.6719991,7.200717647
270.0019811,7495.019811,1.864493582,126.1087935,249.9099476,93.50282145,186.1017107,-4.849951263
294.5465814,7565.465814,2.95606981,142.6803021,214.8861474,115.030607,201.6241367,4.267474824
283.0536362,7825.536362,2.48798408,144.4723954,211.3508886,84.68212397,185.6862601,-7.864673574
265.067477,7185.67477,4.265561888,111.005193,206.2580829,89.51842728,217.5721784,8.66725961
286.3125867,7578.125867,1.838055152,131.1447016,248.2104878,116.0642691,201.5956244,-4.373302082
267.2302663,7292.302663,2.35504896,105.5748029,239.0442592,100.3403957,186.9966122,-7.440389317
283.0001413,7510.001413,2.396509626,122.948493,208.3162307,104.3276954,208.8257019,-7.487592354
258.8816062,7288.816062,3.413820862,116.1166769,227.6343236,81.5207293,184.1418878,5.807149821
259.2687536,7427.687536,3.107112204,115.8250373,220.6884104,85.13559641,210.8657916,5.654286057
262.3926013,7173.926013,2.648840469,124.1292121,207.5743004,82.2316325,198.2915644,3.457293086
283.6707901,7621.707901,4.87353344,136.4913818,208.1036493,116.2000296,185.3064782,9.558365055
255.2843085,7357.843085,4.874073936,103.4591329,248.1734997,85.39179855,181.4884415,9.429524592
283.2838558,7552.838558,3.008188194,143.9586669,215.2482091,113.9869131,219.7351197,4.510942639
289.0519065,7420.519065,3.639921998,136.7406887,247.0719646,94.04138797,190.9747316,6.817558739
269.546013,7580.46013,3.094395911,108.8249694,203.7805337,112.0238999,218.0899449,5.527462921
295.4477003,7844.477003,2.499992165,146.9580455,223.0401521,94.6017419,200.0734535,-8.455164565
279.3935974,7413.935974,2.476066823,125.3156112,206.4809524,90.70736159,200.1206154,2.627632688
274.0604535,7410.604535,2.006245614,149.9904289,200.2393693,83.74642805,183.6427887,-1.721203992
267.1947686,7226.947686,1.943790307,109.8629737,227.6883037,91.22826362,218.0282328,-0.216722217
283.4644207,7544.644207,2.153246575,126.7454099,205.6947052,98.85918867,209.3158346,-5.570679736
279.9466152,7719.466152,2.668164661,114.5124021,236.1012265,112.700352,200.7491135,-9.410752356
269.8911489,7213.911489,3.920304174,115.2086779,234.9058188,98.10059819,184.8102856,7.98003458
286.9080309,7449.080309,4.242047469,129.553269,208.8166454,118.857423,187.0270628,8.455852293
301.1787428,7756.787428,3.037391595,146.0859533,247.0871072,101.6653204,197.2866642,4.823840048
284.5602746,7550.602746,3.127940919,140.2631928,236.0521704,80.99782519,194.4903528,4.872197067
274.9132688,7359.132688,3.62831705,136.1970699,214.8985132,96.61469201,202.3255203,6.677121444
288.0290577,7855.290577,1.778700162,127.9586891,235.4616882,107.5559643,183.053759,-3.763228001
283.7601724,7362.601724,3.427821816,146.1149252,236.5965139,89.37166585,181.6138408,6.401657485
282.1202018,7586.202018,2.512301991,124.6180703,217.1113166,107.945198,200.4441235,3.533300231
283.4871356,7754.871356,3.063825115,143.6916089,218.7794281,100.1478922,181.1400552,5.751816999
285.8049654,7858.049654,3.837810482,141.6990822,217.9553254,81.02951102,182.3820782,7.072085301
265.6771741,7421.771741,3.936425779,110.6917673,230.8309222,110.974118,195.0536583,7.805371385
280.3722729,7693.722729,2.884015141,138.5612731,245.0205073,102.4149482,182.4711628,-9.577959491
250.4593771,7094.593771,1.965974379,100.6085578,208.6596618,83.29974012,195.4187851,-0.763667879
269.9123151,7204.123151,4.678140997,116.1414769,243.7599805,99.00856134,189.6700206,8.977894727
256.9228658,7429.228658,2.041243339,111.4783722,201.3826578,91.49171527,187.5108119,1.538073234
276.5068619,7390.068619,2.994085759,125.3431479,233.0169298,115.1872617,196.1871933,4.319523414
282.3228091,7633.228091,1.866335546,136.8426581,220.7219437,91.39708211,184.7961562,-3.303978893
269.416642,7329.16642,2.520073171,104.8838184,239.5640776,117.6674828,193.9855747,-8.144740091
275.0871933,7745.871933,2.396993008,125.7461101,236.0599056,101.84531,197.3949452,1.533649407
281.4125202,7739.125202,1.767426536,146.9206011,224.0053904,92.94454838,213.2001179,-1.448250508
275.6223135,7261.223135,2.948597399,111.4323275,232.1932018,112.5418007,217.3122473,-9.498165439
292.7202802,7827.202802,2.571897326,133.8570572,225.0886565,107.8960151,192.3335374,-8.084234456
286.1,8220,0.896,142,221,111,212,2.8
285.4,8210,0.898,138,219,109,209,2.7
288.3,8245,0.895,146,226,114,218,3
283.2,8150,0.902,128,208,98,188,2.3
287.6,8235,0.897,144,224,113,215,2.9
281.9,8120,0.904,130,210,100,190,2
289.6,8290,0.894,152,236,123,223,3.2
280.1,8050,0.906,125,205,95,185,1.8
286.8,8225,0.896,140,220,110,210,2.8
284.5,8195,0.9,136,217,107,207,2.6
290.5,8328,0.893,155,240,125,226,3.3
278.7,7975,0.908,120,200,90,180,1.5
288,8270,0.896,148,229,116,218,3
282.3,8155,0.901,130,211,101,191,2.2
290,8300,0.894,150,235,120,225,3.5
284.9,8200,0.899,135,216,106,206,2.6
286.5,8220,0.896,142,221,111,212,2.8
285.3,8215,0.898,138,219,109,209,2.7
288.1,8240,0.895,146,226,114,218,3
283,8150,0.902,128,208,98,188,2.3
287.5,8230,0.897,144,224,113,215,2.9
281.8,8120,0.904,130,210,100,190,2
289.5,8288,0.894,152,236,123,223,3.2
280,8050,0.906,125,205,95,185,1.8
286.7,8225,0.896,140,220,110,210,2.8
284.4,8193,0.9,136,217,107,207,2.6
290.4,8325,0.893,155,240,125,226,3.3
278.8,7975,0.908,120,200,90,180,1.5
288,8270,0.896,148,229,116,218,3
282.3,8155,0.901,130,211,101,191,2.2
290,8300,0.894,150,235,120,225,3.5
284.9,8200,0.899,135,216,106,206,2.6
286.5,8220,0.896,142,221,111,212,2.8
285.3,8215,0.898,138,219,109,209,2.7
288.1,8240,0.895,146,226,114,218,3
283,8150,0.902,128,208,98,188,2.3
287.5,8230,0.897,144,224,113,215,2.9
281.8,8120,0.904,130,210,100,190,2
289.5,8288,0.894,152,236,123,223,3.2
280,8050,0.906,125,205,95,185,1.8
286.7,8225,0.896,140,220,110,210,2.8
284.4,8193,0.9,136,217,107,207,2.6
290.4,8325,0.893,155,240,125,226,3.3
278.8,7975,0.908,120,200,90,180,1.5
288,8270,0.896,148,229,116,218,3
282.3,8155,0.901,130,211,101,191,2.2
290,8300,0.894,150,235,120,225,3.5
284.9,8200,0.899,135,216,106,206,2.6
286.5,8220,0.896,142,221,111,212,2.8
285.3,8215,0.898,138,219,109,209,2.7
288.1,8240,0.895,146,226,114,218,3
